,img,notoccluded,lefteyebrow,lefteye,righteyebrow,righteye
0,C:\Users\nidhimh\Documents\Occlusion\train\1.jpg,1,0,0,0,0
1,C:\Users\nidhimh\Documents\Occlusion\train\2.jpg,1,0,0,0,0
2,C:\Users\nidhimh\Documents\Occlusion\train\3.jpg,1,0,0,0,0
3,C:\Users\nidhimh\Documents\Occlusion\train\4.jpg,1,0,0,0,0
4,C:\Users\nidhimh\Documents\Occlusion\train\5.jpg,1,0,0,0,0
5,C:\Users\nidhimh\Documents\Occlusion\train\6.jpg,1,0,0,0,0
6,C:\Users\nidhimh\Documents\Occlusion\train\7.jpg,1,0,0,0,0
7,C:\Users\nidhimh\Documents\Occlusion\train\8.jpg,1,0,0,0,0
8,C:\Users\nidhimh\Documents\Occlusion\train\9.jpg,1,0,0,0,0
9,C:\Users\nidhimh\Documents\Occlusion\train\10.jpg,1,0,0,0,0
10,C:\Users\nidhimh\Documents\Occlusion\train\11.jpg,1,0,0,0,0
11,C:\Users\nidhimh\Documents\Occlusion\train\12.jpg,1,0,0,0,0
14,C:\Users\nidhimh\Documents\Occlusion\train\15.jpg,1,0,0,0,0
15,C:\Users\nidhimh\Documents\Occlusion\train\16.jpg,1,0,0,0,0
16,C:\Users\nidhimh\Documents\Occlusion\train\17.jpg,1,0,0,0,0
17,C:\Users\nidhimh\Documents\Occlusion\train\18.jpg,1,0,0,0,0
18,C:\Users\nidhimh\Documents\Occlusion\train\19.jpg,1,0,0,0,0
19,C:\Users\nidhimh\Documents\Occlusion\train\20.jpg,1,0,0,0,0
20,C:\Users\nidhimh\Documents\Occlusion\train\21.jpg,1,0,0,0,0
21,C:\Users\nidhimh\Documents\Occlusion\train\22.jpg,1,0,0,0,0
22,C:\Users\nidhimh\Documents\Occlusion\train\23.jpg,1,0,0,0,0
23,C:\Users\nidhimh\Documents\Occlusion\train\24.jpg,1,0,0,0,0
24,C:\Users\nidhimh\Documents\Occlusion\train\25.jpg,1,0,0,0,0
25,C:\Users\nidhimh\Documents\Occlusion\train\26.jpg,1,0,0,0,0
26,C:\Users\nidhimh\Documents\Occlusion\train\27.jpg,1,0,0,0,0
27,C:\Users\nidhimh\Documents\Occlusion\train\28.jpg,1,0,0,0,0
28,C:\Users\nidhimh\Documents\Occlusion\train\29.jpg,1,0,0,0,0
29,C:\Users\nidhimh\Documents\Occlusion\train\30.jpg,1,0,0,0,0
30,C:\Users\nidhimh\Documents\Occlusion\train\31.jpg,1,0,0,0,0
31,C:\Users\nidhimh\Documents\Occlusion\train\32.jpg,1,0,0,0,0
32,C:\Users\nidhimh\Documents\Occlusion\train\33.jpg,1,0,0,0,0
33,C:\Users\nidhimh\Documents\Occlusion\train\34.jpg,1,0,0,0,0
34,C:\Users\nidhimh\Documents\Occlusion\train\35.jpg,1,0,0,0,0
35,C:\Users\nidhimh\Documents\Occlusion\train\36.jpg,1,0,0,0,0
36,C:\Users\nidhimh\Documents\Occlusion\train\37.jpg,1,0,0,0,0
37,C:\Users\nidhimh\Documents\Occlusion\train\38.jpg,1,0,0,0,0
38,C:\Users\nidhimh\Documents\Occlusion\train\39.jpg,1,0,0,0,0
39,C:\Users\nidhimh\Documents\Occlusion\train\40.jpg,1,0,0,0,0
40,C:\Users\nidhimh\Documents\Occlusion\train\41.jpg,1,0,0,0,0
41,C:\Users\nidhimh\Documents\Occlusion\train\42.jpg,1,0,0,0,0
42,C:\Users\nidhimh\Documents\Occlusion\train\43.jpg,1,0,0,0,0
43,C:\Users\nidhimh\Documents\Occlusion\train\44.jpg,1,0,0,0,0
44,C:\Users\nidhimh\Documents\Occlusion\train\45.jpg,1,0,0,0,0
45,C:\Users\nidhimh\Documents\Occlusion\train\46.jpg,1,0,0,0,0
46,C:\Users\nidhimh\Documents\Occlusion\train\47.jpg,1,0,0,0,0
47,C:\Users\nidhimh\Documents\Occlusion\train\48.jpg,1,0,0,0,0
48,C:\Users\nidhimh\Documents\Occlusion\train\49.jpg,1,0,0,0,0
49,C:\Users\nidhimh\Documents\Occlusion\train\50.jpg,1,0,0,0,0
51,C:\Users\nidhimh\Documents\Occlusion\train\52.jpg,1,0,0,0,0
52,C:\Users\nidhimh\Documents\Occlusion\train\53.jpg,1,0,0,0,0
53,C:\Users\nidhimh\Documents\Occlusion\train\54.jpg,1,0,0,0,0
55,C:\Users\nidhimh\Documents\Occlusion\train\56.jpg,1,0,0,0,0
56,C:\Users\nidhimh\Documents\Occlusion\train\57.jpg,1,0,0,0,0
57,C:\Users\nidhimh\Documents\Occlusion\train\58.jpg,1,0,0,0,0
58,C:\Users\nidhimh\Documents\Occlusion\train\59.jpg,1,0,0,0,0
59,C:\Users\nidhimh\Documents\Occlusion\train\60.jpg,1,0,0,0,0
60,C:\Users\nidhimh\Documents\Occlusion\train\61.jpg,1,0,0,0,0
61,C:\Users\nidhimh\Documents\Occlusion\train\62.jpg,1,0,0,0,0
62,C:\Users\nidhimh\Documents\Occlusion\train\63.jpg,1,0,0,0,0
63,C:\Users\nidhimh\Documents\Occlusion\train\64.jpg,1,0,0,0,0
64,C:\Users\nidhimh\Documents\Occlusion\train\65.jpg,1,0,0,0,0
65,C:\Users\nidhimh\Documents\Occlusion\train\66.jpg,1,0,0,0,0
67,C:\Users\nidhimh\Documents\Occlusion\train\68.jpg,1,0,0,0,0
68,C:\Users\nidhimh\Documents\Occlusion\train\69.jpg,1,0,0,0,0
70,C:\Users\nidhimh\Documents\Occlusion\train\71.jpg,1,0,0,0,0
71,C:\Users\nidhimh\Documents\Occlusion\train\72.jpg,1,0,0,0,0
72,C:\Users\nidhimh\Documents\Occlusion\train\73.jpg,1,0,0,0,0
73,C:\Users\nidhimh\Documents\Occlusion\train\74.jpg,1,0,0,0,0
74,C:\Users\nidhimh\Documents\Occlusion\train\75.jpg,1,0,0,0,0
76,C:\Users\nidhimh\Documents\Occlusion\train\77.jpg,1,0,0,0,0
77,C:\Users\nidhimh\Documents\Occlusion\train\78.jpg,1,0,0,0,0
83,C:\Users\nidhimh\Documents\Occlusion\train\84.jpg,1,0,0,0,0
84,C:\Users\nidhimh\Documents\Occlusion\train\85.jpg,1,0,0,0,0
85,C:\Users\nidhimh\Documents\Occlusion\train\86.jpg,1,0,0,0,0
86,C:\Users\nidhimh\Documents\Occlusion\train\87.jpg,1,0,0,0,0
88,C:\Users\nidhimh\Documents\Occlusion\train\89.jpg,1,0,0,0,0
90,C:\Users\nidhimh\Documents\Occlusion\train\91.jpg,1,0,0,0,0
91,C:\Users\nidhimh\Documents\Occlusion\train\92.jpg,1,0,0,0,0
92,C:\Users\nidhimh\Documents\Occlusion\train\93.jpg,1,0,0,0,0
93,C:\Users\nidhimh\Documents\Occlusion\train\94.jpg,1,0,0,0,0
94,C:\Users\nidhimh\Documents\Occlusion\train\95.jpg,1,0,0,0,0
95,C:\Users\nidhimh\Documents\Occlusion\train\96.jpg,1,0,0,0,0
96,C:\Users\nidhimh\Documents\Occlusion\train\97.jpg,1,0,0,0,0
97,C:\Users\nidhimh\Documents\Occlusion\train\98.jpg,1,0,0,0,0
98,C:\Users\nidhimh\Documents\Occlusion\train\99.jpg,1,0,0,0,0
99,C:\Users\nidhimh\Documents\Occlusion\train\100.jpg,1,0,0,0,0
100,C:\Users\nidhimh\Documents\Occlusion\train\101.jpg,1,0,0,0,0
101,C:\Users\nidhimh\Documents\Occlusion\train\102.jpg,1,0,0,0,0
102,C:\Users\nidhimh\Documents\Occlusion\train\103.jpg,1,0,0,0,0
103,C:\Users\nidhimh\Documents\Occlusion\train\104.jpg,1,0,0,0,0
104,C:\Users\nidhimh\Documents\Occlusion\train\105.jpg,1,0,0,0,0
105,C:\Users\nidhimh\Documents\Occlusion\train\106.jpg,1,0,0,0,0
106,C:\Users\nidhimh\Documents\Occlusion\train\107.jpg,1,0,0,0,0
107,C:\Users\nidhimh\Documents\Occlusion\train\108.jpg,1,0,0,0,0
108,C:\Users\nidhimh\Documents\Occlusion\train\109.jpg,1,0,0,0,0
109,C:\Users\nidhimh\Documents\Occlusion\train\110.jpg,1,0,0,0,0
110,C:\Users\nidhimh\Documents\Occlusion\train\111.jpg,1,0,0,0,0
112,C:\Users\nidhimh\Documents\Occlusion\train\113.jpg,1,0,0,0,0
114,C:\Users\nidhimh\Documents\Occlusion\train\115.jpg,1,0,0,0,0
115,C:\Users\nidhimh\Documents\Occlusion\train\116.jpg,1,0,0,0,0
116,C:\Users\nidhimh\Documents\Occlusion\train\117.jpg,1,0,0,0,0
117,C:\Users\nidhimh\Documents\Occlusion\train\118.jpg,1,0,0,0,0
118,C:\Users\nidhimh\Documents\Occlusion\train\119.jpg,1,0,0,0,0
119,C:\Users\nidhimh\Documents\Occlusion\train\120.jpg,1,0,0,0,0
120,C:\Users\nidhimh\Documents\Occlusion\train\121.jpg,1,0,0,0,0
121,C:\Users\nidhimh\Documents\Occlusion\train\122.jpg,1,0,0,0,0
122,C:\Users\nidhimh\Documents\Occlusion\train\123.jpg,1,0,0,0,0
124,C:\Users\nidhimh\Documents\Occlusion\train\125.jpg,1,0,0,0,0
125,C:\Users\nidhimh\Documents\Occlusion\train\126.jpg,1,0,0,0,0
126,C:\Users\nidhimh\Documents\Occlusion\train\127.jpg,1,0,0,0,0
127,C:\Users\nidhimh\Documents\Occlusion\train\128.jpg,1,0,0,0,0
128,C:\Users\nidhimh\Documents\Occlusion\train\129.jpg,1,0,0,0,0
129,C:\Users\nidhimh\Documents\Occlusion\train\130.jpg,1,0,0,0,0
130,C:\Users\nidhimh\Documents\Occlusion\train\131.jpg,1,0,0,0,0
131,C:\Users\nidhimh\Documents\Occlusion\train\132.jpg,1,0,0,0,0
132,C:\Users\nidhimh\Documents\Occlusion\train\133.jpg,1,0,0,0,0
133,C:\Users\nidhimh\Documents\Occlusion\train\134.jpg,1,0,0,0,0
134,C:\Users\nidhimh\Documents\Occlusion\train\135.jpg,1,0,0,0,0
135,C:\Users\nidhimh\Documents\Occlusion\train\136.jpg,1,0,0,0,0
136,C:\Users\nidhimh\Documents\Occlusion\train\137.jpg,1,0,0,0,0
137,C:\Users\nidhimh\Documents\Occlusion\train\138.jpg,1,0,0,0,0
138,C:\Users\nidhimh\Documents\Occlusion\train\139.jpg,1,0,0,0,0
139,C:\Users\nidhimh\Documents\Occlusion\train\140.jpg,1,0,0,0,0
140,C:\Users\nidhimh\Documents\Occlusion\train\141.jpg,1,0,0,0,0
141,C:\Users\nidhimh\Documents\Occlusion\train\142.jpg,1,0,0,0,0
143,C:\Users\nidhimh\Documents\Occlusion\train\144.jpg,1,0,0,0,0
144,C:\Users\nidhimh\Documents\Occlusion\train\145.jpg,1,0,0,0,0
145,C:\Users\nidhimh\Documents\Occlusion\train\146.jpg,1,0,0,0,0
146,C:\Users\nidhimh\Documents\Occlusion\train\147.jpg,1,0,0,0,0
147,C:\Users\nidhimh\Documents\Occlusion\train\148.jpg,1,0,0,0,0
148,C:\Users\nidhimh\Documents\Occlusion\train\149.jpg,1,0,0,0,0
149,C:\Users\nidhimh\Documents\Occlusion\train\150.jpg,1,0,0,0,0
150,C:\Users\nidhimh\Documents\Occlusion\train\151.jpg,1,0,0,0,0
151,C:\Users\nidhimh\Documents\Occlusion\train\152.jpg,1,0,0,0,0
152,C:\Users\nidhimh\Documents\Occlusion\train\153.jpg,1,0,0,0,0
153,C:\Users\nidhimh\Documents\Occlusion\train\154.jpg,1,0,0,0,0
154,C:\Users\nidhimh\Documents\Occlusion\train\155.jpg,1,0,0,0,0
155,C:\Users\nidhimh\Documents\Occlusion\train\156.jpg,1,0,0,0,0
156,C:\Users\nidhimh\Documents\Occlusion\train\157.jpg,1,0,0,0,0
157,C:\Users\nidhimh\Documents\Occlusion\train\158.jpg,1,0,0,0,0
158,C:\Users\nidhimh\Documents\Occlusion\train\159.jpg,1,0,0,0,0
159,C:\Users\nidhimh\Documents\Occlusion\train\160.jpg,1,0,0,0,0
160,C:\Users\nidhimh\Documents\Occlusion\train\161.jpg,1,0,0,0,0
161,C:\Users\nidhimh\Documents\Occlusion\train\162.jpg,1,0,0,0,0
162,C:\Users\nidhimh\Documents\Occlusion\train\163.jpg,1,0,0,0,0
163,C:\Users\nidhimh\Documents\Occlusion\train\164.jpg,1,0,0,0,0
164,C:\Users\nidhimh\Documents\Occlusion\train\165.jpg,1,0,0,0,0
165,C:\Users\nidhimh\Documents\Occlusion\train\166.jpg,1,0,0,0,0
166,C:\Users\nidhimh\Documents\Occlusion\train\167.jpg,1,0,0,0,0
168,C:\Users\nidhimh\Documents\Occlusion\train\169.jpg,1,0,0,0,0
169,C:\Users\nidhimh\Documents\Occlusion\train\170.jpg,1,0,0,0,0
170,C:\Users\nidhimh\Documents\Occlusion\train\171.jpg,1,0,0,0,0
171,C:\Users\nidhimh\Documents\Occlusion\train\172.jpg,1,0,0,0,0
172,C:\Users\nidhimh\Documents\Occlusion\train\173.jpg,1,0,0,0,0
173,C:\Users\nidhimh\Documents\Occlusion\train\174.jpg,1,0,0,0,0
174,C:\Users\nidhimh\Documents\Occlusion\train\175.jpg,1,0,0,0,0
175,C:\Users\nidhimh\Documents\Occlusion\train\176.jpg,1,0,0,0,0
176,C:\Users\nidhimh\Documents\Occlusion\train\177.jpg,1,0,0,0,0
177,C:\Users\nidhimh\Documents\Occlusion\train\178.jpg,1,0,0,0,0
178,C:\Users\nidhimh\Documents\Occlusion\train\179.jpg,1,0,0,0,0
179,C:\Users\nidhimh\Documents\Occlusion\train\180.jpg,1,0,0,0,0
180,C:\Users\nidhimh\Documents\Occlusion\train\181.jpg,1,0,0,0,0
181,C:\Users\nidhimh\Documents\Occlusion\train\182.jpg,1,0,0,0,0
182,C:\Users\nidhimh\Documents\Occlusion\train\183.jpg,1,0,0,0,0
183,C:\Users\nidhimh\Documents\Occlusion\train\184.jpg,1,0,0,0,0
184,C:\Users\nidhimh\Documents\Occlusion\train\185.jpg,1,0,0,0,0
185,C:\Users\nidhimh\Documents\Occlusion\train\186.jpg,1,0,0,0,0
186,C:\Users\nidhimh\Documents\Occlusion\train\187.jpg,1,0,0,0,0
187,C:\Users\nidhimh\Documents\Occlusion\train\188.jpg,1,0,0,0,0
188,C:\Users\nidhimh\Documents\Occlusion\train\189.jpg,1,0,0,0,0
189,C:\Users\nidhimh\Documents\Occlusion\train\190.jpg,1,0,0,0,0
190,C:\Users\nidhimh\Documents\Occlusion\train\191.jpg,1,0,0,0,0
191,C:\Users\nidhimh\Documents\Occlusion\train\192.jpg,1,0,0,0,0
193,C:\Users\nidhimh\Documents\Occlusion\train\194.jpg,1,0,0,0,0
194,C:\Users\nidhimh\Documents\Occlusion\train\195.jpg,1,0,0,0,0
195,C:\Users\nidhimh\Documents\Occlusion\train\196.jpg,1,0,0,0,0
196,C:\Users\nidhimh\Documents\Occlusion\train\197.jpg,1,0,0,0,0
198,C:\Users\nidhimh\Documents\Occlusion\train\199.jpg,1,0,0,0,0
199,C:\Users\nidhimh\Documents\Occlusion\train\200.jpg,1,0,0,0,0
200,C:\Users\nidhimh\Documents\Occlusion\train\201.jpg,1,0,0,0,0
201,C:\Users\nidhimh\Documents\Occlusion\train\202.jpg,1,0,0,0,0
202,C:\Users\nidhimh\Documents\Occlusion\train\203.jpg,1,0,0,0,0
203,C:\Users\nidhimh\Documents\Occlusion\train\204.jpg,1,0,0,0,0
204,C:\Users\nidhimh\Documents\Occlusion\train\205.jpg,1,0,0,0,0
205,C:\Users\nidhimh\Documents\Occlusion\train\206.jpg,1,0,0,0,0
206,C:\Users\nidhimh\Documents\Occlusion\train\207.jpg,1,0,0,0,0
207,C:\Users\nidhimh\Documents\Occlusion\train\208.jpg,1,0,0,0,0
208,C:\Users\nidhimh\Documents\Occlusion\train\209.jpg,1,0,0,0,0
209,C:\Users\nidhimh\Documents\Occlusion\train\210.jpg,1,0,0,0,0
210,C:\Users\nidhimh\Documents\Occlusion\train\211.jpg,1,0,0,0,0
211,C:\Users\nidhimh\Documents\Occlusion\train\212.jpg,1,0,0,0,0
212,C:\Users\nidhimh\Documents\Occlusion\train\213.jpg,1,0,0,0,0
213,C:\Users\nidhimh\Documents\Occlusion\train\214.jpg,1,0,0,0,0
214,C:\Users\nidhimh\Documents\Occlusion\train\215.jpg,1,0,0,0,0
216,C:\Users\nidhimh\Documents\Occlusion\train\217.jpg,1,0,0,0,0
217,C:\Users\nidhimh\Documents\Occlusion\train\218.jpg,1,0,0,0,0
219,C:\Users\nidhimh\Documents\Occlusion\train\220.jpg,1,0,0,0,0
220,C:\Users\nidhimh\Documents\Occlusion\train\221.jpg,1,0,0,0,0
221,C:\Users\nidhimh\Documents\Occlusion\train\222.jpg,1,0,0,0,0
222,C:\Users\nidhimh\Documents\Occlusion\train\223.jpg,1,0,0,0,0
223,C:\Users\nidhimh\Documents\Occlusion\train\224.jpg,1,0,0,0,0
224,C:\Users\nidhimh\Documents\Occlusion\train\225.jpg,1,0,0,0,0
225,C:\Users\nidhimh\Documents\Occlusion\train\226.jpg,1,0,0,0,0
226,C:\Users\nidhimh\Documents\Occlusion\train\227.jpg,1,0,0,0,0
227,C:\Users\nidhimh\Documents\Occlusion\train\228.jpg,1,0,0,0,0
228,C:\Users\nidhimh\Documents\Occlusion\train\229.jpg,1,0,0,0,0
229,C:\Users\nidhimh\Documents\Occlusion\train\230.jpg,1,0,0,0,0
230,C:\Users\nidhimh\Documents\Occlusion\train\231.jpg,1,0,0,0,0
231,C:\Users\nidhimh\Documents\Occlusion\train\232.jpg,1,0,0,0,0
232,C:\Users\nidhimh\Documents\Occlusion\train\233.jpg,1,0,0,0,0
233,C:\Users\nidhimh\Documents\Occlusion\train\234.jpg,1,0,0,0,0
234,C:\Users\nidhimh\Documents\Occlusion\train\235.jpg,1,0,0,0,0
235,C:\Users\nidhimh\Documents\Occlusion\train\236.jpg,1,0,0,0,0
236,C:\Users\nidhimh\Documents\Occlusion\train\237.jpg,1,0,0,0,0
237,C:\Users\nidhimh\Documents\Occlusion\train\238.jpg,1,0,0,0,0
238,C:\Users\nidhimh\Documents\Occlusion\train\239.jpg,1,0,0,0,0
239,C:\Users\nidhimh\Documents\Occlusion\train\240.jpg,1,0,0,0,0
240,C:\Users\nidhimh\Documents\Occlusion\train\241.jpg,1,0,0,0,0
241,C:\Users\nidhimh\Documents\Occlusion\train\242.jpg,1,0,0,0,0
242,C:\Users\nidhimh\Documents\Occlusion\train\243.jpg,1,0,0,0,0
243,C:\Users\nidhimh\Documents\Occlusion\train\244.jpg,1,0,0,0,0
246,C:\Users\nidhimh\Documents\Occlusion\train\247.jpg,1,0,0,0,0
247,C:\Users\nidhimh\Documents\Occlusion\train\248.jpg,1,0,0,0,0
248,C:\Users\nidhimh\Documents\Occlusion\train\249.jpg,1,0,0,0,0
249,C:\Users\nidhimh\Documents\Occlusion\train\250.jpg,1,0,0,0,0
250,C:\Users\nidhimh\Documents\Occlusion\train\251.jpg,1,0,0,0,0
251,C:\Users\nidhimh\Documents\Occlusion\train\252.jpg,1,0,0,0,0
252,C:\Users\nidhimh\Documents\Occlusion\train\253.jpg,1,0,0,0,0
253,C:\Users\nidhimh\Documents\Occlusion\train\254.jpg,1,0,0,0,0
254,C:\Users\nidhimh\Documents\Occlusion\train\255.jpg,1,0,0,0,0
255,C:\Users\nidhimh\Documents\Occlusion\train\256.jpg,1,0,0,0,0
257,C:\Users\nidhimh\Documents\Occlusion\train\258.jpg,1,0,0,0,0
258,C:\Users\nidhimh\Documents\Occlusion\train\259.jpg,1,0,0,0,0
259,C:\Users\nidhimh\Documents\Occlusion\train\260.jpg,1,0,0,0,0
260,C:\Users\nidhimh\Documents\Occlusion\train\261.jpg,1,0,0,0,0
262,C:\Users\nidhimh\Documents\Occlusion\train\263.jpg,1,0,0,0,0
263,C:\Users\nidhimh\Documents\Occlusion\train\264.jpg,1,0,0,0,0
264,C:\Users\nidhimh\Documents\Occlusion\train\265.jpg,1,0,0,0,0
265,C:\Users\nidhimh\Documents\Occlusion\train\266.jpg,1,0,0,0,0
266,C:\Users\nidhimh\Documents\Occlusion\train\267.jpg,1,0,0,0,0
267,C:\Users\nidhimh\Documents\Occlusion\train\268.jpg,1,0,0,0,0
268,C:\Users\nidhimh\Documents\Occlusion\train\269.jpg,1,0,0,0,0
269,C:\Users\nidhimh\Documents\Occlusion\train\270.jpg,1,0,0,0,0
270,C:\Users\nidhimh\Documents\Occlusion\train\271.jpg,1,0,0,0,0
271,C:\Users\nidhimh\Documents\Occlusion\train\272.jpg,1,0,0,0,0
272,C:\Users\nidhimh\Documents\Occlusion\train\273.jpg,1,0,0,0,0
273,C:\Users\nidhimh\Documents\Occlusion\train\274.jpg,1,0,0,0,0
274,C:\Users\nidhimh\Documents\Occlusion\train\275.jpg,1,0,0,0,0
275,C:\Users\nidhimh\Documents\Occlusion\train\276.jpg,1,0,0,0,0
276,C:\Users\nidhimh\Documents\Occlusion\train\277.jpg,1,0,0,0,0
277,C:\Users\nidhimh\Documents\Occlusion\train\278.jpg,1,0,0,0,0
278,C:\Users\nidhimh\Documents\Occlusion\train\279.jpg,1,0,0,0,0
279,C:\Users\nidhimh\Documents\Occlusion\train\280.jpg,1,0,0,0,0
280,C:\Users\nidhimh\Documents\Occlusion\train\281.jpg,1,0,0,0,0
281,C:\Users\nidhimh\Documents\Occlusion\train\282.jpg,1,0,0,0,0
282,C:\Users\nidhimh\Documents\Occlusion\train\283.jpg,1,0,0,0,0
283,C:\Users\nidhimh\Documents\Occlusion\train\284.jpg,1,0,0,0,0
284,C:\Users\nidhimh\Documents\Occlusion\train\285.jpg,1,0,0,0,0
285,C:\Users\nidhimh\Documents\Occlusion\train\286.jpg,1,0,0,0,0
287,C:\Users\nidhimh\Documents\Occlusion\train\288.jpg,1,0,0,0,0
288,C:\Users\nidhimh\Documents\Occlusion\train\289.jpg,1,0,0,0,0
289,C:\Users\nidhimh\Documents\Occlusion\train\290.jpg,1,0,0,0,0
290,C:\Users\nidhimh\Documents\Occlusion\train\291.jpg,1,0,0,0,0
291,C:\Users\nidhimh\Documents\Occlusion\train\292.jpg,1,0,0,0,0
292,C:\Users\nidhimh\Documents\Occlusion\train\293.jpg,1,0,0,0,0
293,C:\Users\nidhimh\Documents\Occlusion\train\294.jpg,1,0,0,0,0
294,C:\Users\nidhimh\Documents\Occlusion\train\295.jpg,1,0,0,0,0
295,C:\Users\nidhimh\Documents\Occlusion\train\296.jpg,1,0,0,0,0
296,C:\Users\nidhimh\Documents\Occlusion\train\297.jpg,1,0,0,0,0
297,C:\Users\nidhimh\Documents\Occlusion\train\298.jpg,1,0,0,0,0
298,C:\Users\nidhimh\Documents\Occlusion\train\299.jpg,1,0,0,0,0
299,C:\Users\nidhimh\Documents\Occlusion\train\300.jpg,1,0,0,0,0
300,C:\Users\nidhimh\Documents\Occlusion\train\301.jpg,1,0,0,0,0
301,C:\Users\nidhimh\Documents\Occlusion\train\302.jpg,1,0,0,0,0
302,C:\Users\nidhimh\Documents\Occlusion\train\303.jpg,1,0,0,0,0
303,C:\Users\nidhimh\Documents\Occlusion\train\304.jpg,1,0,0,0,0
304,C:\Users\nidhimh\Documents\Occlusion\train\305.jpg,1,0,0,0,0
305,C:\Users\nidhimh\Documents\Occlusion\train\306.jpg,1,0,0,0,0
306,C:\Users\nidhimh\Documents\Occlusion\train\307.jpg,1,0,0,0,0
307,C:\Users\nidhimh\Documents\Occlusion\train\308.jpg,1,0,0,0,0
308,C:\Users\nidhimh\Documents\Occlusion\train\309.jpg,1,0,0,0,0
309,C:\Users\nidhimh\Documents\Occlusion\train\310.jpg,1,0,0,0,0
310,C:\Users\nidhimh\Documents\Occlusion\train\311.jpg,1,0,0,0,0
311,C:\Users\nidhimh\Documents\Occlusion\train\312.jpg,1,0,0,0,0
312,C:\Users\nidhimh\Documents\Occlusion\train\313.jpg,1,0,0,0,0
313,C:\Users\nidhimh\Documents\Occlusion\train\314.jpg,1,0,0,0,0
314,C:\Users\nidhimh\Documents\Occlusion\train\315.jpg,1,0,0,0,0
315,C:\Users\nidhimh\Documents\Occlusion\train\316.jpg,1,0,0,0,0
316,C:\Users\nidhimh\Documents\Occlusion\train\317.jpg,1,0,0,0,0
318,C:\Users\nidhimh\Documents\Occlusion\train\319.jpg,1,0,0,0,0
319,C:\Users\nidhimh\Documents\Occlusion\train\320.jpg,1,0,0,0,0
320,C:\Users\nidhimh\Documents\Occlusion\train\321.jpg,1,0,0,0,0
321,C:\Users\nidhimh\Documents\Occlusion\train\322.jpg,1,0,0,0,0
322,C:\Users\nidhimh\Documents\Occlusion\train\323.jpg,1,0,0,0,0
323,C:\Users\nidhimh\Documents\Occlusion\train\324.jpg,1,0,0,0,0
325,C:\Users\nidhimh\Documents\Occlusion\train\326.jpg,1,0,0,0,0
326,C:\Users\nidhimh\Documents\Occlusion\train\327.jpg,1,0,0,0,0
327,C:\Users\nidhimh\Documents\Occlusion\train\328.jpg,1,0,0,0,0
328,C:\Users\nidhimh\Documents\Occlusion\train\329.jpg,1,0,0,0,0
329,C:\Users\nidhimh\Documents\Occlusion\train\330.jpg,1,0,0,0,0
330,C:\Users\nidhimh\Documents\Occlusion\train\331.jpg,1,0,0,0,0
331,C:\Users\nidhimh\Documents\Occlusion\train\332.jpg,1,0,0,0,0
332,C:\Users\nidhimh\Documents\Occlusion\train\333.jpg,1,0,0,0,0
333,C:\Users\nidhimh\Documents\Occlusion\train\334.jpg,1,0,0,0,0
334,C:\Users\nidhimh\Documents\Occlusion\train\335.jpg,1,0,0,0,0
335,C:\Users\nidhimh\Documents\Occlusion\train\336.jpg,1,0,0,0,0
336,C:\Users\nidhimh\Documents\Occlusion\train\337.jpg,1,0,0,0,0
337,C:\Users\nidhimh\Documents\Occlusion\train\338.jpg,1,0,0,0,0
338,C:\Users\nidhimh\Documents\Occlusion\train\339.jpg,1,0,0,0,0
339,C:\Users\nidhimh\Documents\Occlusion\train\340.jpg,1,0,0,0,0
340,C:\Users\nidhimh\Documents\Occlusion\train\341.jpg,1,0,0,0,0
341,C:\Users\nidhimh\Documents\Occlusion\train\342.jpg,1,0,0,0,0
342,C:\Users\nidhimh\Documents\Occlusion\train\343.jpg,1,0,0,0,0
343,C:\Users\nidhimh\Documents\Occlusion\train\344.jpg,1,0,0,0,0
344,C:\Users\nidhimh\Documents\Occlusion\train\345.jpg,1,0,0,0,0
345,C:\Users\nidhimh\Documents\Occlusion\train\346.jpg,1,0,0,0,0
346,C:\Users\nidhimh\Documents\Occlusion\train\347.jpg,1,0,0,0,0
347,C:\Users\nidhimh\Documents\Occlusion\train\348.jpg,1,0,0,0,0
348,C:\Users\nidhimh\Documents\Occlusion\train\349.jpg,1,0,0,0,0
349,C:\Users\nidhimh\Documents\Occlusion\train\350.jpg,1,0,0,0,0
350,C:\Users\nidhimh\Documents\Occlusion\train\351.jpg,1,0,0,0,0
351,C:\Users\nidhimh\Documents\Occlusion\train\352.jpg,1,0,0,0,0
352,C:\Users\nidhimh\Documents\Occlusion\train\353.jpg,1,0,0,0,0
353,C:\Users\nidhimh\Documents\Occlusion\train\354.jpg,1,0,0,0,0
354,C:\Users\nidhimh\Documents\Occlusion\train\355.jpg,1,0,0,0,0
355,C:\Users\nidhimh\Documents\Occlusion\train\356.jpg,1,0,0,0,0
356,C:\Users\nidhimh\Documents\Occlusion\train\357.jpg,1,0,0,0,0
357,C:\Users\nidhimh\Documents\Occlusion\train\358.jpg,1,0,0,0,0
359,C:\Users\nidhimh\Documents\Occlusion\train\360.jpg,1,0,0,0,0
360,C:\Users\nidhimh\Documents\Occlusion\train\361.jpg,1,0,0,0,0
361,C:\Users\nidhimh\Documents\Occlusion\train\362.jpg,1,0,0,0,0
362,C:\Users\nidhimh\Documents\Occlusion\train\363.jpg,1,0,0,0,0
363,C:\Users\nidhimh\Documents\Occlusion\train\364.jpg,1,0,0,0,0
364,C:\Users\nidhimh\Documents\Occlusion\train\365.jpg,1,0,0,0,0
365,C:\Users\nidhimh\Documents\Occlusion\train\366.jpg,1,0,0,0,0
366,C:\Users\nidhimh\Documents\Occlusion\train\367.jpg,1,0,0,0,0
367,C:\Users\nidhimh\Documents\Occlusion\train\368.jpg,1,0,0,0,0
368,C:\Users\nidhimh\Documents\Occlusion\train\369.jpg,1,0,0,0,0
369,C:\Users\nidhimh\Documents\Occlusion\train\370.jpg,1,0,0,0,0
370,C:\Users\nidhimh\Documents\Occlusion\train\371.jpg,1,0,0,0,0
371,C:\Users\nidhimh\Documents\Occlusion\train\372.jpg,1,0,0,0,0
372,C:\Users\nidhimh\Documents\Occlusion\train\373.jpg,1,0,0,0,0
373,C:\Users\nidhimh\Documents\Occlusion\train\374.jpg,1,0,0,0,0
374,C:\Users\nidhimh\Documents\Occlusion\train\375.jpg,1,0,0,0,0
375,C:\Users\nidhimh\Documents\Occlusion\train\376.jpg,1,0,0,0,0
376,C:\Users\nidhimh\Documents\Occlusion\train\377.jpg,1,0,0,0,0
377,C:\Users\nidhimh\Documents\Occlusion\train\378.jpg,1,0,0,0,0
378,C:\Users\nidhimh\Documents\Occlusion\train\379.jpg,1,0,0,0,0
379,C:\Users\nidhimh\Documents\Occlusion\train\380.jpg,1,0,0,0,0
380,C:\Users\nidhimh\Documents\Occlusion\train\381.jpg,1,0,0,0,0
381,C:\Users\nidhimh\Documents\Occlusion\train\382.jpg,1,0,0,0,0
382,C:\Users\nidhimh\Documents\Occlusion\train\383.jpg,1,0,0,0,0
383,C:\Users\nidhimh\Documents\Occlusion\train\384.jpg,1,0,0,0,0
384,C:\Users\nidhimh\Documents\Occlusion\train\385.jpg,1,0,0,0,0
385,C:\Users\nidhimh\Documents\Occlusion\train\386.jpg,1,0,0,0,0
386,C:\Users\nidhimh\Documents\Occlusion\train\387.jpg,1,0,0,0,0
387,C:\Users\nidhimh\Documents\Occlusion\train\388.jpg,1,0,0,0,0
388,C:\Users\nidhimh\Documents\Occlusion\train\389.jpg,1,0,0,0,0
389,C:\Users\nidhimh\Documents\Occlusion\train\390.jpg,1,0,0,0,0
390,C:\Users\nidhimh\Documents\Occlusion\train\391.jpg,1,0,0,0,0
391,C:\Users\nidhimh\Documents\Occlusion\train\392.jpg,1,0,0,0,0
392,C:\Users\nidhimh\Documents\Occlusion\train\393.jpg,1,0,0,0,0
393,C:\Users\nidhimh\Documents\Occlusion\train\394.jpg,1,0,0,0,0
394,C:\Users\nidhimh\Documents\Occlusion\train\395.jpg,1,0,0,0,0
395,C:\Users\nidhimh\Documents\Occlusion\train\396.jpg,1,0,0,0,0
396,C:\Users\nidhimh\Documents\Occlusion\train\397.jpg,1,0,0,0,0
397,C:\Users\nidhimh\Documents\Occlusion\train\398.jpg,1,0,0,0,0
398,C:\Users\nidhimh\Documents\Occlusion\train\399.jpg,1,0,0,0,0
399,C:\Users\nidhimh\Documents\Occlusion\train\400.jpg,1,0,0,0,0
400,C:\Users\nidhimh\Documents\Occlusion\train\401.jpg,1,0,0,0,0
401,C:\Users\nidhimh\Documents\Occlusion\train\402.jpg,1,0,0,0,0
402,C:\Users\nidhimh\Documents\Occlusion\train\403.jpg,1,0,0,0,0
403,C:\Users\nidhimh\Documents\Occlusion\train\404.jpg,1,0,0,0,0
404,C:\Users\nidhimh\Documents\Occlusion\train\405.jpg,1,0,0,0,0
405,C:\Users\nidhimh\Documents\Occlusion\train\406.jpg,1,0,0,0,0
406,C:\Users\nidhimh\Documents\Occlusion\train\407.jpg,1,0,0,0,0
407,C:\Users\nidhimh\Documents\Occlusion\train\408.jpg,1,0,0,0,0
408,C:\Users\nidhimh\Documents\Occlusion\train\409.jpg,1,0,0,0,0
409,C:\Users\nidhimh\Documents\Occlusion\train\410.jpg,1,0,0,0,0
410,C:\Users\nidhimh\Documents\Occlusion\train\411.jpg,1,0,0,0,0
411,C:\Users\nidhimh\Documents\Occlusion\train\412.jpg,1,0,0,0,0
412,C:\Users\nidhimh\Documents\Occlusion\train\413.jpg,1,0,0,0,0
413,C:\Users\nidhimh\Documents\Occlusion\train\414.jpg,1,0,0,0,0
415,C:\Users\nidhimh\Documents\Occlusion\train\416.jpg,1,0,0,0,0
416,C:\Users\nidhimh\Documents\Occlusion\train\417.jpg,1,0,0,0,0
417,C:\Users\nidhimh\Documents\Occlusion\train\418.jpg,1,0,0,0,0
418,C:\Users\nidhimh\Documents\Occlusion\train\419.jpg,1,0,0,0,0
419,C:\Users\nidhimh\Documents\Occlusion\train\420.jpg,1,0,0,0,0
420,C:\Users\nidhimh\Documents\Occlusion\train\421.jpg,1,0,0,0,0
421,C:\Users\nidhimh\Documents\Occlusion\train\422.jpg,1,0,0,0,0
422,C:\Users\nidhimh\Documents\Occlusion\train\423.jpg,1,0,0,0,0
423,C:\Users\nidhimh\Documents\Occlusion\train\424.jpg,1,0,0,0,0
424,C:\Users\nidhimh\Documents\Occlusion\train\425.jpg,1,0,0,0,0
426,C:\Users\nidhimh\Documents\Occlusion\train\427.jpg,1,0,0,0,0
428,C:\Users\nidhimh\Documents\Occlusion\train\429.jpg,1,0,0,0,0
429,C:\Users\nidhimh\Documents\Occlusion\train\430.jpg,1,0,0,0,0
430,C:\Users\nidhimh\Documents\Occlusion\train\431.jpg,1,0,0,0,0
431,C:\Users\nidhimh\Documents\Occlusion\train\432.jpg,1,0,0,0,0
432,C:\Users\nidhimh\Documents\Occlusion\train\433.jpg,1,0,0,0,0
433,C:\Users\nidhimh\Documents\Occlusion\train\434.jpg,1,0,0,0,0
434,C:\Users\nidhimh\Documents\Occlusion\train\435.jpg,1,0,0,0,0
436,C:\Users\nidhimh\Documents\Occlusion\train\437.jpg,1,0,0,0,0
437,C:\Users\nidhimh\Documents\Occlusion\train\438.jpg,1,0,0,0,0
438,C:\Users\nidhimh\Documents\Occlusion\train\439.jpg,1,0,0,0,0
439,C:\Users\nidhimh\Documents\Occlusion\train\440.jpg,1,0,0,0,0
441,C:\Users\nidhimh\Documents\Occlusion\train\442.jpg,1,0,0,0,0
442,C:\Users\nidhimh\Documents\Occlusion\train\443.jpg,1,0,0,0,0
443,C:\Users\nidhimh\Documents\Occlusion\train\444.jpg,1,0,0,0,0
444,C:\Users\nidhimh\Documents\Occlusion\train\445.jpg,1,0,0,0,0
445,C:\Users\nidhimh\Documents\Occlusion\train\446.jpg,1,0,0,0,0
446,C:\Users\nidhimh\Documents\Occlusion\train\447.jpg,1,0,0,0,0
447,C:\Users\nidhimh\Documents\Occlusion\train\448.jpg,1,0,0,0,0
448,C:\Users\nidhimh\Documents\Occlusion\train\449.jpg,1,0,0,0,0
449,C:\Users\nidhimh\Documents\Occlusion\train\450.jpg,1,0,0,0,0
450,C:\Users\nidhimh\Documents\Occlusion\train\451.jpg,1,0,0,0,0
451,C:\Users\nidhimh\Documents\Occlusion\train\452.jpg,1,0,0,0,0
452,C:\Users\nidhimh\Documents\Occlusion\train\453.jpg,1,0,0,0,0
453,C:\Users\nidhimh\Documents\Occlusion\train\454.jpg,1,0,0,0,0
454,C:\Users\nidhimh\Documents\Occlusion\train\455.jpg,1,0,0,0,0
455,C:\Users\nidhimh\Documents\Occlusion\train\456.jpg,1,0,0,0,0
456,C:\Users\nidhimh\Documents\Occlusion\train\457.jpg,1,0,0,0,0
457,C:\Users\nidhimh\Documents\Occlusion\train\458.jpg,1,0,0,0,0
458,C:\Users\nidhimh\Documents\Occlusion\train\459.jpg,1,0,0,0,0
459,C:\Users\nidhimh\Documents\Occlusion\train\460.jpg,1,0,0,0,0
460,C:\Users\nidhimh\Documents\Occlusion\train\461.jpg,1,0,0,0,0
461,C:\Users\nidhimh\Documents\Occlusion\train\462.jpg,1,0,0,0,0
462,C:\Users\nidhimh\Documents\Occlusion\train\463.jpg,1,0,0,0,0
463,C:\Users\nidhimh\Documents\Occlusion\train\464.jpg,1,0,0,0,0
464,C:\Users\nidhimh\Documents\Occlusion\train\465.jpg,1,0,0,0,0
465,C:\Users\nidhimh\Documents\Occlusion\train\466.jpg,1,0,0,0,0
466,C:\Users\nidhimh\Documents\Occlusion\train\467.jpg,1,0,0,0,0
467,C:\Users\nidhimh\Documents\Occlusion\train\468.jpg,1,0,0,0,0
468,C:\Users\nidhimh\Documents\Occlusion\train\469.jpg,1,0,0,0,0
469,C:\Users\nidhimh\Documents\Occlusion\train\470.jpg,1,0,0,0,0
470,C:\Users\nidhimh\Documents\Occlusion\train\471.jpg,1,0,0,0,0
471,C:\Users\nidhimh\Documents\Occlusion\train\472.jpg,1,0,0,0,0
472,C:\Users\nidhimh\Documents\Occlusion\train\473.jpg,1,0,0,0,0
473,C:\Users\nidhimh\Documents\Occlusion\train\474.jpg,1,0,0,0,0
474,C:\Users\nidhimh\Documents\Occlusion\train\475.jpg,1,0,0,0,0
476,C:\Users\nidhimh\Documents\Occlusion\train\477.jpg,1,0,0,0,0
477,C:\Users\nidhimh\Documents\Occlusion\train\478.jpg,1,0,0,0,0
478,C:\Users\nidhimh\Documents\Occlusion\train\479.jpg,1,0,0,0,0
479,C:\Users\nidhimh\Documents\Occlusion\train\480.jpg,1,0,0,0,0
480,C:\Users\nidhimh\Documents\Occlusion\train\481.jpg,1,0,0,0,0
481,C:\Users\nidhimh\Documents\Occlusion\train\482.jpg,1,0,0,0,0
482,C:\Users\nidhimh\Documents\Occlusion\train\483.jpg,1,0,0,0,0
483,C:\Users\nidhimh\Documents\Occlusion\train\484.jpg,1,0,0,0,0
484,C:\Users\nidhimh\Documents\Occlusion\train\485.jpg,1,0,0,0,0
485,C:\Users\nidhimh\Documents\Occlusion\train\486.jpg,1,0,0,0,0
486,C:\Users\nidhimh\Documents\Occlusion\train\487.jpg,1,0,0,0,0
487,C:\Users\nidhimh\Documents\Occlusion\train\488.jpg,1,0,0,0,0
488,C:\Users\nidhimh\Documents\Occlusion\train\489.jpg,1,0,0,0,0
489,C:\Users\nidhimh\Documents\Occlusion\train\490.jpg,1,0,0,0,0
490,C:\Users\nidhimh\Documents\Occlusion\train\491.jpg,1,0,0,0,0
491,C:\Users\nidhimh\Documents\Occlusion\train\492.jpg,1,0,0,0,0
492,C:\Users\nidhimh\Documents\Occlusion\train\493.jpg,1,0,0,0,0
493,C:\Users\nidhimh\Documents\Occlusion\train\494.jpg,1,0,0,0,0
494,C:\Users\nidhimh\Documents\Occlusion\train\495.jpg,1,0,0,0,0
495,C:\Users\nidhimh\Documents\Occlusion\train\496.jpg,1,0,0,0,0
496,C:\Users\nidhimh\Documents\Occlusion\train\497.jpg,1,0,0,0,0
497,C:\Users\nidhimh\Documents\Occlusion\train\498.jpg,1,0,0,0,0
498,C:\Users\nidhimh\Documents\Occlusion\train\499.jpg,1,0,0,0,0
499,C:\Users\nidhimh\Documents\Occlusion\train\500.jpg,1,0,0,0,0
500,C:\Users\nidhimh\Documents\Occlusion\train\501.jpg,1,0,0,0,0
501,C:\Users\nidhimh\Documents\Occlusion\train\502.jpg,1,0,0,0,0
502,C:\Users\nidhimh\Documents\Occlusion\train\503.jpg,1,0,0,0,0
503,C:\Users\nidhimh\Documents\Occlusion\train\504.jpg,1,0,0,0,0
504,C:\Users\nidhimh\Documents\Occlusion\train\505.jpg,1,0,0,0,0
505,C:\Users\nidhimh\Documents\Occlusion\train\506.jpg,1,0,0,0,0
506,C:\Users\nidhimh\Documents\Occlusion\train\507.jpg,1,0,0,0,0
507,C:\Users\nidhimh\Documents\Occlusion\train\508.jpg,1,0,0,0,0
508,C:\Users\nidhimh\Documents\Occlusion\train\509.jpg,1,0,0,0,0
509,C:\Users\nidhimh\Documents\Occlusion\train\510.jpg,1,0,0,0,0
510,C:\Users\nidhimh\Documents\Occlusion\train\511.jpg,1,0,0,0,0
511,C:\Users\nidhimh\Documents\Occlusion\train\512.jpg,1,0,0,0,0
512,C:\Users\nidhimh\Documents\Occlusion\train\513.jpg,1,0,0,0,0
513,C:\Users\nidhimh\Documents\Occlusion\train\514.jpg,1,0,0,0,0
514,C:\Users\nidhimh\Documents\Occlusion\train\515.jpg,1,0,0,0,0
515,C:\Users\nidhimh\Documents\Occlusion\train\516.jpg,1,0,0,0,0
516,C:\Users\nidhimh\Documents\Occlusion\train\517.jpg,1,0,0,0,0
517,C:\Users\nidhimh\Documents\Occlusion\train\518.jpg,1,0,0,0,0
518,C:\Users\nidhimh\Documents\Occlusion\train\519.jpg,1,0,0,0,0
519,C:\Users\nidhimh\Documents\Occlusion\train\520.jpg,1,0,0,0,0
520,C:\Users\nidhimh\Documents\Occlusion\train\521.jpg,1,0,0,0,0
521,C:\Users\nidhimh\Documents\Occlusion\train\522.jpg,1,0,0,0,0
522,C:\Users\nidhimh\Documents\Occlusion\train\523.jpg,1,0,0,0,0
523,C:\Users\nidhimh\Documents\Occlusion\train\524.jpg,1,0,0,0,0
524,C:\Users\nidhimh\Documents\Occlusion\train\525.jpg,1,0,0,0,0
525,C:\Users\nidhimh\Documents\Occlusion\train\526.jpg,1,0,0,0,0
526,C:\Users\nidhimh\Documents\Occlusion\train\527.jpg,1,0,0,0,0
527,C:\Users\nidhimh\Documents\Occlusion\train\528.jpg,1,0,0,0,0
528,C:\Users\nidhimh\Documents\Occlusion\train\529.jpg,1,0,0,0,0
529,C:\Users\nidhimh\Documents\Occlusion\train\530.jpg,1,0,0,0,0
530,C:\Users\nidhimh\Documents\Occlusion\train\531.jpg,1,0,0,0,0
531,C:\Users\nidhimh\Documents\Occlusion\train\532.jpg,1,0,0,0,0
532,C:\Users\nidhimh\Documents\Occlusion\train\533.jpg,1,0,0,0,0
533,C:\Users\nidhimh\Documents\Occlusion\train\534.jpg,1,0,0,0,0
535,C:\Users\nidhimh\Documents\Occlusion\train\536.jpg,1,0,0,0,0
536,C:\Users\nidhimh\Documents\Occlusion\train\537.jpg,1,0,0,0,0
537,C:\Users\nidhimh\Documents\Occlusion\train\538.jpg,1,0,0,0,0
538,C:\Users\nidhimh\Documents\Occlusion\train\539.jpg,1,0,0,0,0
539,C:\Users\nidhimh\Documents\Occlusion\train\540.jpg,1,0,0,0,0
540,C:\Users\nidhimh\Documents\Occlusion\train\541.jpg,1,0,0,0,0
541,C:\Users\nidhimh\Documents\Occlusion\train\542.jpg,1,0,0,0,0
542,C:\Users\nidhimh\Documents\Occlusion\train\543.jpg,1,0,0,0,0
543,C:\Users\nidhimh\Documents\Occlusion\train\544.jpg,1,0,0,0,0
544,C:\Users\nidhimh\Documents\Occlusion\train\545.jpg,1,0,0,0,0
545,C:\Users\nidhimh\Documents\Occlusion\train\546.jpg,1,0,0,0,0
547,C:\Users\nidhimh\Documents\Occlusion\train\548.jpg,1,0,0,0,0
548,C:\Users\nidhimh\Documents\Occlusion\train\549.jpg,1,0,0,0,0
549,C:\Users\nidhimh\Documents\Occlusion\train\550.jpg,1,0,0,0,0
550,C:\Users\nidhimh\Documents\Occlusion\train\551.jpg,1,0,0,0,0
551,C:\Users\nidhimh\Documents\Occlusion\train\552.jpg,1,0,0,0,0
552,C:\Users\nidhimh\Documents\Occlusion\train\553.jpg,1,0,0,0,0
553,C:\Users\nidhimh\Documents\Occlusion\train\554.jpg,1,0,0,0,0
554,C:\Users\nidhimh\Documents\Occlusion\train\555.jpg,1,0,0,0,0
555,C:\Users\nidhimh\Documents\Occlusion\train\556.jpg,1,0,0,0,0
557,C:\Users\nidhimh\Documents\Occlusion\train\558.jpg,1,0,0,0,0
558,C:\Users\nidhimh\Documents\Occlusion\train\559.jpg,1,0,0,0,0
561,C:\Users\nidhimh\Documents\Occlusion\train\562.jpg,1,0,0,0,0
563,C:\Users\nidhimh\Documents\Occlusion\train\564.jpg,1,0,0,0,0
564,C:\Users\nidhimh\Documents\Occlusion\train\565.jpg,1,0,0,0,0
565,C:\Users\nidhimh\Documents\Occlusion\train\566.jpg,1,0,0,0,0
567,C:\Users\nidhimh\Documents\Occlusion\train\568.jpg,1,0,0,0,0
568,C:\Users\nidhimh\Documents\Occlusion\train\569.jpg,1,0,0,0,0
569,C:\Users\nidhimh\Documents\Occlusion\train\570.jpg,1,0,0,0,0
570,C:\Users\nidhimh\Documents\Occlusion\train\571.jpg,1,0,0,0,0
571,C:\Users\nidhimh\Documents\Occlusion\train\572.jpg,1,0,0,0,0
572,C:\Users\nidhimh\Documents\Occlusion\train\573.jpg,1,0,0,0,0
573,C:\Users\nidhimh\Documents\Occlusion\train\574.jpg,1,0,0,0,0
575,C:\Users\nidhimh\Documents\Occlusion\train\576.jpg,1,0,0,0,0
576,C:\Users\nidhimh\Documents\Occlusion\train\577.jpg,1,0,0,0,0
577,C:\Users\nidhimh\Documents\Occlusion\train\578.jpg,1,0,0,0,0
578,C:\Users\nidhimh\Documents\Occlusion\train\579.jpg,1,0,0,0,0
579,C:\Users\nidhimh\Documents\Occlusion\train\580.jpg,1,0,0,0,0
580,C:\Users\nidhimh\Documents\Occlusion\train\581.jpg,1,0,0,0,0
581,C:\Users\nidhimh\Documents\Occlusion\train\582.jpg,1,0,0,0,0
582,C:\Users\nidhimh\Documents\Occlusion\train\583.jpg,1,0,0,0,0
583,C:\Users\nidhimh\Documents\Occlusion\train\584.jpg,1,0,0,0,0
584,C:\Users\nidhimh\Documents\Occlusion\train\585.jpg,1,0,0,0,0
585,C:\Users\nidhimh\Documents\Occlusion\train\586.jpg,1,0,0,0,0
586,C:\Users\nidhimh\Documents\Occlusion\train\587.jpg,1,0,0,0,0
587,C:\Users\nidhimh\Documents\Occlusion\train\588.jpg,1,0,0,0,0
588,C:\Users\nidhimh\Documents\Occlusion\train\589.jpg,1,0,0,0,0
589,C:\Users\nidhimh\Documents\Occlusion\train\590.jpg,1,0,0,0,0
590,C:\Users\nidhimh\Documents\Occlusion\train\591.jpg,1,0,0,0,0
591,C:\Users\nidhimh\Documents\Occlusion\train\592.jpg,1,0,0,0,0
592,C:\Users\nidhimh\Documents\Occlusion\train\593.jpg,1,0,0,0,0
593,C:\Users\nidhimh\Documents\Occlusion\train\594.jpg,1,0,0,0,0
594,C:\Users\nidhimh\Documents\Occlusion\train\595.jpg,1,0,0,0,0
595,C:\Users\nidhimh\Documents\Occlusion\train\596.jpg,1,0,0,0,0
596,C:\Users\nidhimh\Documents\Occlusion\train\597.jpg,1,0,0,0,0
597,C:\Users\nidhimh\Documents\Occlusion\train\598.jpg,1,0,0,0,0
598,C:\Users\nidhimh\Documents\Occlusion\train\599.jpg,1,0,0,0,0
599,C:\Users\nidhimh\Documents\Occlusion\train\600.jpg,1,0,0,0,0
600,C:\Users\nidhimh\Documents\Occlusion\train\601.jpg,1,0,0,0,0
601,C:\Users\nidhimh\Documents\Occlusion\train\602.jpg,1,0,0,0,0
602,C:\Users\nidhimh\Documents\Occlusion\train\603.jpg,1,0,0,0,0
603,C:\Users\nidhimh\Documents\Occlusion\train\604.jpg,1,0,0,0,0
604,C:\Users\nidhimh\Documents\Occlusion\train\605.jpg,1,0,0,0,0
605,C:\Users\nidhimh\Documents\Occlusion\train\606.jpg,1,0,0,0,0
606,C:\Users\nidhimh\Documents\Occlusion\train\607.jpg,1,0,0,0,0
607,C:\Users\nidhimh\Documents\Occlusion\train\608.jpg,1,0,0,0,0
608,C:\Users\nidhimh\Documents\Occlusion\train\609.jpg,1,0,0,0,0
609,C:\Users\nidhimh\Documents\Occlusion\train\610.jpg,1,0,0,0,0
610,C:\Users\nidhimh\Documents\Occlusion\train\611.jpg,1,0,0,0,0
611,C:\Users\nidhimh\Documents\Occlusion\train\612.jpg,1,0,0,0,0
612,C:\Users\nidhimh\Documents\Occlusion\train\613.jpg,1,0,0,0,0
614,C:\Users\nidhimh\Documents\Occlusion\train\615.jpg,1,0,0,0,0
615,C:\Users\nidhimh\Documents\Occlusion\train\616.jpg,1,0,0,0,0
616,C:\Users\nidhimh\Documents\Occlusion\train\617.jpg,1,0,0,0,0
617,C:\Users\nidhimh\Documents\Occlusion\train\618.jpg,1,0,0,0,0
618,C:\Users\nidhimh\Documents\Occlusion\train\619.jpg,1,0,0,0,0
619,C:\Users\nidhimh\Documents\Occlusion\train\620.jpg,1,0,0,0,0
620,C:\Users\nidhimh\Documents\Occlusion\train\621.jpg,1,0,0,0,0
621,C:\Users\nidhimh\Documents\Occlusion\train\622.jpg,1,0,0,0,0
622,C:\Users\nidhimh\Documents\Occlusion\train\623.jpg,1,0,0,0,0
623,C:\Users\nidhimh\Documents\Occlusion\train\624.jpg,1,0,0,0,0
624,C:\Users\nidhimh\Documents\Occlusion\train\625.jpg,1,0,0,0,0
625,C:\Users\nidhimh\Documents\Occlusion\train\626.jpg,1,0,0,0,0
627,C:\Users\nidhimh\Documents\Occlusion\train\628.jpg,1,0,0,0,0
628,C:\Users\nidhimh\Documents\Occlusion\train\629.jpg,1,0,0,0,0
629,C:\Users\nidhimh\Documents\Occlusion\train\630.jpg,1,0,0,0,0
630,C:\Users\nidhimh\Documents\Occlusion\train\631.jpg,1,0,0,0,0
631,C:\Users\nidhimh\Documents\Occlusion\train\632.jpg,1,0,0,0,0
632,C:\Users\nidhimh\Documents\Occlusion\train\633.jpg,1,0,0,0,0
633,C:\Users\nidhimh\Documents\Occlusion\train\634.jpg,1,0,0,0,0
634,C:\Users\nidhimh\Documents\Occlusion\train\635.jpg,1,0,0,0,0
636,C:\Users\nidhimh\Documents\Occlusion\train\637.jpg,1,0,0,0,0
637,C:\Users\nidhimh\Documents\Occlusion\train\638.jpg,1,0,0,0,0
638,C:\Users\nidhimh\Documents\Occlusion\train\639.jpg,1,0,0,0,0
639,C:\Users\nidhimh\Documents\Occlusion\train\640.jpg,1,0,0,0,0
640,C:\Users\nidhimh\Documents\Occlusion\train\641.jpg,1,0,0,0,0
641,C:\Users\nidhimh\Documents\Occlusion\train\642.jpg,1,0,0,0,0
642,C:\Users\nidhimh\Documents\Occlusion\train\643.jpg,1,0,0,0,0
643,C:\Users\nidhimh\Documents\Occlusion\train\644.jpg,1,0,0,0,0
644,C:\Users\nidhimh\Documents\Occlusion\train\645.jpg,1,0,0,0,0
645,C:\Users\nidhimh\Documents\Occlusion\train\646.jpg,1,0,0,0,0
646,C:\Users\nidhimh\Documents\Occlusion\train\647.jpg,1,0,0,0,0
647,C:\Users\nidhimh\Documents\Occlusion\train\648.jpg,1,0,0,0,0
648,C:\Users\nidhimh\Documents\Occlusion\train\649.jpg,1,0,0,0,0
649,C:\Users\nidhimh\Documents\Occlusion\train\650.jpg,1,0,0,0,0
650,C:\Users\nidhimh\Documents\Occlusion\train\651.jpg,1,0,0,0,0
651,C:\Users\nidhimh\Documents\Occlusion\train\652.jpg,1,0,0,0,0
652,C:\Users\nidhimh\Documents\Occlusion\train\653.jpg,1,0,0,0,0
653,C:\Users\nidhimh\Documents\Occlusion\train\654.jpg,1,0,0,0,0
654,C:\Users\nidhimh\Documents\Occlusion\train\655.jpg,1,0,0,0,0
655,C:\Users\nidhimh\Documents\Occlusion\train\656.jpg,1,0,0,0,0
656,C:\Users\nidhimh\Documents\Occlusion\train\657.jpg,1,0,0,0,0
657,C:\Users\nidhimh\Documents\Occlusion\train\658.jpg,1,0,0,0,0
659,C:\Users\nidhimh\Documents\Occlusion\train\660.jpg,1,0,0,0,0
660,C:\Users\nidhimh\Documents\Occlusion\train\661.jpg,1,0,0,0,0
661,C:\Users\nidhimh\Documents\Occlusion\train\662.jpg,1,0,0,0,0
662,C:\Users\nidhimh\Documents\Occlusion\train\663.jpg,1,0,0,0,0
664,C:\Users\nidhimh\Documents\Occlusion\train\665.jpg,1,0,0,0,0
667,C:\Users\nidhimh\Documents\Occlusion\train\668.jpg,1,0,0,0,0
668,C:\Users\nidhimh\Documents\Occlusion\train\669.jpg,1,0,0,0,0
669,C:\Users\nidhimh\Documents\Occlusion\train\670.jpg,1,0,0,0,0
670,C:\Users\nidhimh\Documents\Occlusion\train\671.jpg,1,0,0,0,0
671,C:\Users\nidhimh\Documents\Occlusion\train\672.jpg,1,0,0,0,0
672,C:\Users\nidhimh\Documents\Occlusion\train\673.jpg,1,0,0,0,0
673,C:\Users\nidhimh\Documents\Occlusion\train\674.jpg,1,0,0,0,0
674,C:\Users\nidhimh\Documents\Occlusion\train\675.jpg,1,0,0,0,0
675,C:\Users\nidhimh\Documents\Occlusion\train\676.jpg,1,0,0,0,0
678,C:\Users\nidhimh\Documents\Occlusion\train\679.jpg,1,0,0,0,0
679,C:\Users\nidhimh\Documents\Occlusion\train\680.jpg,1,0,0,0,0
680,C:\Users\nidhimh\Documents\Occlusion\train\681.jpg,1,0,0,0,0
681,C:\Users\nidhimh\Documents\Occlusion\train\682.jpg,1,0,0,0,0
683,C:\Users\nidhimh\Documents\Occlusion\train\684.jpg,1,0,0,0,0
685,C:\Users\nidhimh\Documents\Occlusion\train\686.jpg,1,0,0,0,0
686,C:\Users\nidhimh\Documents\Occlusion\train\687.jpg,1,0,0,0,0
687,C:\Users\nidhimh\Documents\Occlusion\train\688.jpg,1,0,0,0,0
688,C:\Users\nidhimh\Documents\Occlusion\train\689.jpg,1,0,0,0,0
689,C:\Users\nidhimh\Documents\Occlusion\train\690.jpg,1,0,0,0,0
691,C:\Users\nidhimh\Documents\Occlusion\train\692.jpg,1,0,0,0,0
692,C:\Users\nidhimh\Documents\Occlusion\train\693.jpg,1,0,0,0,0
693,C:\Users\nidhimh\Documents\Occlusion\train\694.jpg,1,0,0,0,0
694,C:\Users\nidhimh\Documents\Occlusion\train\695.jpg,1,0,0,0,0
695,C:\Users\nidhimh\Documents\Occlusion\train\696.jpg,1,0,0,0,0
696,C:\Users\nidhimh\Documents\Occlusion\train\697.jpg,1,0,0,0,0
698,C:\Users\nidhimh\Documents\Occlusion\train\699.jpg,1,0,0,0,0
699,C:\Users\nidhimh\Documents\Occlusion\train\700.jpg,1,0,0,0,0
700,C:\Users\nidhimh\Documents\Occlusion\train\701.jpg,1,0,0,0,0
701,C:\Users\nidhimh\Documents\Occlusion\train\702.jpg,1,0,0,0,0
702,C:\Users\nidhimh\Documents\Occlusion\train\703.jpg,1,0,0,0,0
703,C:\Users\nidhimh\Documents\Occlusion\train\704.jpg,1,0,0,0,0
704,C:\Users\nidhimh\Documents\Occlusion\train\705.jpg,1,0,0,0,0
706,C:\Users\nidhimh\Documents\Occlusion\train\707.jpg,1,0,0,0,0
708,C:\Users\nidhimh\Documents\Occlusion\train\709.jpg,1,0,0,0,0
709,C:\Users\nidhimh\Documents\Occlusion\train\710.jpg,1,0,0,0,0
710,C:\Users\nidhimh\Documents\Occlusion\train\711.jpg,1,0,0,0,0
711,C:\Users\nidhimh\Documents\Occlusion\train\712.jpg,1,0,0,0,0
712,C:\Users\nidhimh\Documents\Occlusion\train\713.jpg,1,0,0,0,0
713,C:\Users\nidhimh\Documents\Occlusion\train\714.jpg,1,0,0,0,0
714,C:\Users\nidhimh\Documents\Occlusion\train\715.jpg,1,0,0,0,0
715,C:\Users\nidhimh\Documents\Occlusion\train\716.jpg,1,0,0,0,0
716,C:\Users\nidhimh\Documents\Occlusion\train\717.jpg,1,0,0,0,0
718,C:\Users\nidhimh\Documents\Occlusion\train\719.jpg,1,0,0,0,0
719,C:\Users\nidhimh\Documents\Occlusion\train\720.jpg,1,0,0,0,0
720,C:\Users\nidhimh\Documents\Occlusion\train\721.jpg,1,0,0,0,0
722,C:\Users\nidhimh\Documents\Occlusion\train\723.jpg,1,0,0,0,0
723,C:\Users\nidhimh\Documents\Occlusion\train\724.jpg,1,0,0,0,0
724,C:\Users\nidhimh\Documents\Occlusion\train\725.jpg,1,0,0,0,0
725,C:\Users\nidhimh\Documents\Occlusion\train\726.jpg,1,0,0,0,0
726,C:\Users\nidhimh\Documents\Occlusion\train\727.jpg,1,0,0,0,0
727,C:\Users\nidhimh\Documents\Occlusion\train\728.jpg,1,0,0,0,0
728,C:\Users\nidhimh\Documents\Occlusion\train\729.jpg,1,0,0,0,0
729,C:\Users\nidhimh\Documents\Occlusion\train\730.jpg,1,0,0,0,0
730,C:\Users\nidhimh\Documents\Occlusion\train\731.jpg,1,0,0,0,0
731,C:\Users\nidhimh\Documents\Occlusion\train\732.jpg,1,0,0,0,0
732,C:\Users\nidhimh\Documents\Occlusion\train\733.jpg,1,0,0,0,0
733,C:\Users\nidhimh\Documents\Occlusion\train\734.jpg,1,0,0,0,0
735,C:\Users\nidhimh\Documents\Occlusion\train\736.jpg,1,0,0,0,0
736,C:\Users\nidhimh\Documents\Occlusion\train\737.jpg,1,0,0,0,0
737,C:\Users\nidhimh\Documents\Occlusion\train\738.jpg,1,0,0,0,0
738,C:\Users\nidhimh\Documents\Occlusion\train\739.jpg,1,0,0,0,0
739,C:\Users\nidhimh\Documents\Occlusion\train\740.jpg,1,0,0,0,0
740,C:\Users\nidhimh\Documents\Occlusion\train\741.jpg,1,0,0,0,0
741,C:\Users\nidhimh\Documents\Occlusion\train\742.jpg,1,0,0,0,0
742,C:\Users\nidhimh\Documents\Occlusion\train\743.jpg,1,0,0,0,0
743,C:\Users\nidhimh\Documents\Occlusion\train\744.jpg,1,0,0,0,0
744,C:\Users\nidhimh\Documents\Occlusion\train\745.jpg,1,0,0,0,0
745,C:\Users\nidhimh\Documents\Occlusion\train\746.jpg,1,0,0,0,0
746,C:\Users\nidhimh\Documents\Occlusion\train\747.jpg,1,0,0,0,0
747,C:\Users\nidhimh\Documents\Occlusion\train\748.jpg,1,0,0,0,0
748,C:\Users\nidhimh\Documents\Occlusion\train\749.jpg,1,0,0,0,0
749,C:\Users\nidhimh\Documents\Occlusion\train\750.jpg,1,0,0,0,0
750,C:\Users\nidhimh\Documents\Occlusion\train\751.jpg,1,0,0,0,0
752,C:\Users\nidhimh\Documents\Occlusion\train\753.jpg,1,0,0,0,0
753,C:\Users\nidhimh\Documents\Occlusion\train\754.jpg,1,0,0,0,0
754,C:\Users\nidhimh\Documents\Occlusion\train\755.jpg,1,0,0,0,0
756,C:\Users\nidhimh\Documents\Occlusion\train\757.jpg,1,0,0,0,0
757,C:\Users\nidhimh\Documents\Occlusion\train\758.jpg,1,0,0,0,0
758,C:\Users\nidhimh\Documents\Occlusion\train\759.jpg,1,0,0,0,0
759,C:\Users\nidhimh\Documents\Occlusion\train\760.jpg,1,0,0,0,0
760,C:\Users\nidhimh\Documents\Occlusion\train\761.jpg,1,0,0,0,0
761,C:\Users\nidhimh\Documents\Occlusion\train\762.jpg,1,0,0,0,0
762,C:\Users\nidhimh\Documents\Occlusion\train\763.jpg,1,0,0,0,0
763,C:\Users\nidhimh\Documents\Occlusion\train\764.jpg,1,0,0,0,0
764,C:\Users\nidhimh\Documents\Occlusion\train\765.jpg,1,0,0,0,0
765,C:\Users\nidhimh\Documents\Occlusion\train\766.jpg,1,0,0,0,0
766,C:\Users\nidhimh\Documents\Occlusion\train\767.jpg,1,0,0,0,0
767,C:\Users\nidhimh\Documents\Occlusion\train\768.jpg,1,0,0,0,0
768,C:\Users\nidhimh\Documents\Occlusion\train\769.jpg,1,0,0,0,0
769,C:\Users\nidhimh\Documents\Occlusion\train\770.jpg,1,0,0,0,0
771,C:\Users\nidhimh\Documents\Occlusion\train\772.jpg,1,0,0,0,0
772,C:\Users\nidhimh\Documents\Occlusion\train\773.jpg,1,0,0,0,0
773,C:\Users\nidhimh\Documents\Occlusion\train\774.jpg,1,0,0,0,0
774,C:\Users\nidhimh\Documents\Occlusion\train\775.jpg,1,0,0,0,0
775,C:\Users\nidhimh\Documents\Occlusion\train\776.jpg,1,0,0,0,0
777,C:\Users\nidhimh\Documents\Occlusion\train\778.jpg,1,0,0,0,0
778,C:\Users\nidhimh\Documents\Occlusion\train\779.jpg,1,0,0,0,0
779,C:\Users\nidhimh\Documents\Occlusion\train\780.jpg,1,0,0,0,0
780,C:\Users\nidhimh\Documents\Occlusion\train\781.jpg,1,0,0,0,0
781,C:\Users\nidhimh\Documents\Occlusion\train\782.jpg,1,0,0,0,0
782,C:\Users\nidhimh\Documents\Occlusion\train\783.jpg,1,0,0,0,0
783,C:\Users\nidhimh\Documents\Occlusion\train\784.jpg,1,0,0,0,0
784,C:\Users\nidhimh\Documents\Occlusion\train\785.jpg,1,0,0,0,0
785,C:\Users\nidhimh\Documents\Occlusion\train\786.jpg,1,0,0,0,0
786,C:\Users\nidhimh\Documents\Occlusion\train\787.jpg,1,0,0,0,0
787,C:\Users\nidhimh\Documents\Occlusion\train\788.jpg,1,0,0,0,0
789,C:\Users\nidhimh\Documents\Occlusion\train\790.jpg,1,0,0,0,0
790,C:\Users\nidhimh\Documents\Occlusion\train\791.jpg,1,0,0,0,0
791,C:\Users\nidhimh\Documents\Occlusion\train\792.jpg,1,0,0,0,0
792,C:\Users\nidhimh\Documents\Occlusion\train\793.jpg,1,0,0,0,0
793,C:\Users\nidhimh\Documents\Occlusion\train\794.jpg,1,0,0,0,0
794,C:\Users\nidhimh\Documents\Occlusion\train\795.jpg,1,0,0,0,0
795,C:\Users\nidhimh\Documents\Occlusion\train\796.jpg,1,0,0,0,0
796,C:\Users\nidhimh\Documents\Occlusion\train\797.jpg,1,0,0,0,0
797,C:\Users\nidhimh\Documents\Occlusion\train\798.jpg,1,0,0,0,0
798,C:\Users\nidhimh\Documents\Occlusion\train\799.jpg,1,0,0,0,0
799,C:\Users\nidhimh\Documents\Occlusion\train\800.jpg,1,0,0,0,0
800,C:\Users\nidhimh\Documents\Occlusion\train\801.jpg,1,0,0,0,0
801,C:\Users\nidhimh\Documents\Occlusion\train\802.jpg,1,0,0,0,0
802,C:\Users\nidhimh\Documents\Occlusion\train\803.jpg,1,0,0,0,0
803,C:\Users\nidhimh\Documents\Occlusion\train\804.jpg,1,0,0,0,0
804,C:\Users\nidhimh\Documents\Occlusion\train\805.jpg,1,0,0,0,0
805,C:\Users\nidhimh\Documents\Occlusion\train\806.jpg,1,0,0,0,0
806,C:\Users\nidhimh\Documents\Occlusion\train\807.jpg,1,0,0,0,0
807,C:\Users\nidhimh\Documents\Occlusion\train\808.jpg,1,0,0,0,0
808,C:\Users\nidhimh\Documents\Occlusion\train\809.jpg,1,0,0,0,0
809,C:\Users\nidhimh\Documents\Occlusion\train\810.jpg,1,0,0,0,0
810,C:\Users\nidhimh\Documents\Occlusion\train\811.jpg,1,0,0,0,0
811,C:\Users\nidhimh\Documents\Occlusion\train\812.jpg,1,0,0,0,0
812,C:\Users\nidhimh\Documents\Occlusion\train\813.jpg,1,0,0,0,0
813,C:\Users\nidhimh\Documents\Occlusion\train\814.jpg,1,0,0,0,0
814,C:\Users\nidhimh\Documents\Occlusion\train\815.jpg,1,0,0,0,0
815,C:\Users\nidhimh\Documents\Occlusion\train\816.jpg,1,0,0,0,0
816,C:\Users\nidhimh\Documents\Occlusion\train\817.jpg,1,0,0,0,0
817,C:\Users\nidhimh\Documents\Occlusion\train\818.jpg,1,0,0,0,0
818,C:\Users\nidhimh\Documents\Occlusion\train\819.jpg,1,0,0,0,0
820,C:\Users\nidhimh\Documents\Occlusion\train\821.jpg,1,0,0,0,0
821,C:\Users\nidhimh\Documents\Occlusion\train\822.jpg,1,0,0,0,0
822,C:\Users\nidhimh\Documents\Occlusion\train\823.jpg,1,0,0,0,0
823,C:\Users\nidhimh\Documents\Occlusion\train\824.jpg,1,0,0,0,0
824,C:\Users\nidhimh\Documents\Occlusion\train\825.jpg,1,0,0,0,0
825,C:\Users\nidhimh\Documents\Occlusion\train\826.jpg,1,0,0,0,0
826,C:\Users\nidhimh\Documents\Occlusion\train\827.jpg,1,0,0,0,0
827,C:\Users\nidhimh\Documents\Occlusion\train\828.jpg,1,0,0,0,0
828,C:\Users\nidhimh\Documents\Occlusion\train\829.jpg,1,0,0,0,0
829,C:\Users\nidhimh\Documents\Occlusion\train\830.jpg,1,0,0,0,0
830,C:\Users\nidhimh\Documents\Occlusion\train\831.jpg,1,0,0,0,0
831,C:\Users\nidhimh\Documents\Occlusion\train\832.jpg,1,0,0,0,0
832,C:\Users\nidhimh\Documents\Occlusion\train\833.jpg,1,0,0,0,0
834,C:\Users\nidhimh\Documents\Occlusion\train\835.jpg,1,0,0,0,0
836,C:\Users\nidhimh\Documents\Occlusion\train\837.jpg,1,0,0,0,0
837,C:\Users\nidhimh\Documents\Occlusion\train\838.jpg,1,0,0,0,0
838,C:\Users\nidhimh\Documents\Occlusion\train\839.jpg,1,0,0,0,0
839,C:\Users\nidhimh\Documents\Occlusion\train\840.jpg,1,0,0,0,0
840,C:\Users\nidhimh\Documents\Occlusion\train\841.jpg,1,0,0,0,0
842,C:\Users\nidhimh\Documents\Occlusion\train\843.jpg,1,0,0,0,0
843,C:\Users\nidhimh\Documents\Occlusion\train\844.jpg,1,0,0,0,0
844,C:\Users\nidhimh\Documents\Occlusion\train\845.jpg,1,0,0,0,0
846,C:\Users\nidhimh\Documents\Occlusion\train\847.jpg,1,0,0,0,0
848,C:\Users\nidhimh\Documents\Occlusion\train\849.jpg,1,0,0,0,0
849,C:\Users\nidhimh\Documents\Occlusion\train\850.jpg,1,0,0,0,0
850,C:\Users\nidhimh\Documents\Occlusion\train\851.jpg,1,0,0,0,0
854,C:\Users\nidhimh\Documents\Occlusion\train\855.jpg,1,0,0,0,0
855,C:\Users\nidhimh\Documents\Occlusion\train\856.jpg,1,0,0,0,0
856,C:\Users\nidhimh\Documents\Occlusion\train\857.jpg,1,0,0,0,0
858,C:\Users\nidhimh\Documents\Occlusion\train\859.jpg,1,0,0,0,0
860,C:\Users\nidhimh\Documents\Occlusion\train\861.jpg,1,0,0,0,0
861,C:\Users\nidhimh\Documents\Occlusion\train\862.jpg,1,0,0,0,0
862,C:\Users\nidhimh\Documents\Occlusion\train\863.jpg,1,0,0,0,0
869,C:\Users\nidhimh\Documents\Occlusion\train\870.jpg,1,0,0,0,0
873,C:\Users\nidhimh\Documents\Occlusion\train\874.jpg,1,0,0,0,0
877,C:\Users\nidhimh\Documents\Occlusion\train\878.jpg,1,0,0,0,0
881,C:\Users\nidhimh\Documents\Occlusion\train\882.jpg,1,0,0,0,0
882,C:\Users\nidhimh\Documents\Occlusion\train\883.jpg,1,0,0,0,0
884,C:\Users\nidhimh\Documents\Occlusion\train\885.jpg,1,0,0,0,0
886,C:\Users\nidhimh\Documents\Occlusion\train\887.jpg,1,0,0,0,0
892,C:\Users\nidhimh\Documents\Occlusion\train\893.jpg,1,0,0,0,0
893,C:\Users\nidhimh\Documents\Occlusion\train\894.jpg,1,0,0,0,0
896,C:\Users\nidhimh\Documents\Occlusion\train\897.jpg,1,0,0,0,0
898,C:\Users\nidhimh\Documents\Occlusion\train\899.jpg,1,0,0,0,0
899,C:\Users\nidhimh\Documents\Occlusion\train\900.jpg,1,0,0,0,0
901,C:\Users\nidhimh\Documents\Occlusion\train\902.jpg,1,0,0,0,0
902,C:\Users\nidhimh\Documents\Occlusion\train\903.jpg,1,0,0,0,0
907,C:\Users\nidhimh\Documents\Occlusion\train\908.jpg,1,0,0,0,0
910,C:\Users\nidhimh\Documents\Occlusion\train\911.jpg,1,0,0,0,0
917,C:\Users\nidhimh\Documents\Occlusion\train\918.jpg,1,0,0,0,0
921,C:\Users\nidhimh\Documents\Occlusion\train\922.jpg,1,0,0,0,0
928,C:\Users\nidhimh\Documents\Occlusion\train\929.jpg,1,0,0,0,0
930,C:\Users\nidhimh\Documents\Occlusion\train\931.jpg,1,0,0,0,0
934,C:\Users\nidhimh\Documents\Occlusion\train\935.jpg,1,0,0,0,0
937,C:\Users\nidhimh\Documents\Occlusion\train\938.jpg,1,0,0,0,0
938,C:\Users\nidhimh\Documents\Occlusion\train\939.jpg,1,0,0,0,0
941,C:\Users\nidhimh\Documents\Occlusion\train\942.jpg,1,0,0,0,0
942,C:\Users\nidhimh\Documents\Occlusion\train\943.jpg,1,0,0,0,0
947,C:\Users\nidhimh\Documents\Occlusion\train\948.jpg,1,0,0,0,0
948,C:\Users\nidhimh\Documents\Occlusion\train\949.jpg,1,0,0,0,0
952,C:\Users\nidhimh\Documents\Occlusion\train\953.jpg,1,0,0,0,0
955,C:\Users\nidhimh\Documents\Occlusion\train\956.jpg,1,0,0,0,0
957,C:\Users\nidhimh\Documents\Occlusion\train\958.jpg,1,0,0,0,0
961,C:\Users\nidhimh\Documents\Occlusion\train\962.jpg,1,0,0,0,0
962,C:\Users\nidhimh\Documents\Occlusion\train\963.jpg,1,0,0,0,0
964,C:\Users\nidhimh\Documents\Occlusion\train\965.jpg,1,0,0,0,0
965,C:\Users\nidhimh\Documents\Occlusion\train\966.jpg,1,0,0,0,0
968,C:\Users\nidhimh\Documents\Occlusion\train\969.jpg,1,0,0,0,0
972,C:\Users\nidhimh\Documents\Occlusion\train\973.jpg,1,0,0,0,0
973,C:\Users\nidhimh\Documents\Occlusion\train\974.jpg,1,0,0,0,0
980,C:\Users\nidhimh\Documents\Occlusion\train\981.jpg,1,0,0,0,0
983,C:\Users\nidhimh\Documents\Occlusion\train\984.jpg,1,0,0,0,0
985,C:\Users\nidhimh\Documents\Occlusion\train\986.jpg,1,0,0,0,0
989,C:\Users\nidhimh\Documents\Occlusion\train\990.jpg,1,0,0,0,0
991,C:\Users\nidhimh\Documents\Occlusion\train\992.jpg,1,0,0,0,0
994,C:\Users\nidhimh\Documents\Occlusion\train\995.jpg,1,0,0,0,0
996,C:\Users\nidhimh\Documents\Occlusion\train\997.jpg,1,0,0,0,0
997,C:\Users\nidhimh\Documents\Occlusion\train\998.jpg,1,0,0,0,0
998,C:\Users\nidhimh\Documents\Occlusion\train\999.jpg,1,0,0,0,0
999,C:\Users\nidhimh\Documents\Occlusion\train\1000.jpg,1,0,0,0,0
1000,C:\Users\nidhimh\Documents\Occlusion\train\1001.jpg,1,0,0,0,0
1001,C:\Users\nidhimh\Documents\Occlusion\train\1002.jpg,1,0,0,0,0
1002,C:\Users\nidhimh\Documents\Occlusion\train\1003.jpg,1,0,0,0,0
1005,C:\Users\nidhimh\Documents\Occlusion\train\1006.jpg,1,0,0,0,0
1006,C:\Users\nidhimh\Documents\Occlusion\train\1007.jpg,1,0,0,0,0
1009,C:\Users\nidhimh\Documents\Occlusion\train\1010.jpg,1,0,0,0,0
1011,C:\Users\nidhimh\Documents\Occlusion\train\1012.jpg,1,0,0,0,0
1013,C:\Users\nidhimh\Documents\Occlusion\train\1014.jpg,1,0,0,0,0
1015,C:\Users\nidhimh\Documents\Occlusion\train\1016.jpg,1,0,0,0,0
1021,C:\Users\nidhimh\Documents\Occlusion\train\1022.jpg,1,0,0,0,0
1023,C:\Users\nidhimh\Documents\Occlusion\train\1024.jpg,1,0,0,0,0
1030,C:\Users\nidhimh\Documents\Occlusion\train\1031.jpg,1,0,0,0,0
1032,C:\Users\nidhimh\Documents\Occlusion\train\1033.jpg,1,0,0,0,0
1035,C:\Users\nidhimh\Documents\Occlusion\train\1036.jpg,1,0,0,0,0
1036,C:\Users\nidhimh\Documents\Occlusion\train\1037.jpg,1,0,0,0,0
1038,C:\Users\nidhimh\Documents\Occlusion\train\1039.jpg,1,0,0,0,0
1039,C:\Users\nidhimh\Documents\Occlusion\train\1040.jpg,1,0,0,0,0
1041,C:\Users\nidhimh\Documents\Occlusion\train\1042.jpg,1,0,0,0,0
1044,C:\Users\nidhimh\Documents\Occlusion\train\1045.jpg,1,0,0,0,0
1046,C:\Users\nidhimh\Documents\Occlusion\train\1047.jpg,1,0,0,0,0
1047,C:\Users\nidhimh\Documents\Occlusion\train\1048.jpg,1,0,0,0,0
1048,C:\Users\nidhimh\Documents\Occlusion\train\1049.jpg,1,0,0,0,0
1049,C:\Users\nidhimh\Documents\Occlusion\train\1050.jpg,1,0,0,0,0
1050,C:\Users\nidhimh\Documents\Occlusion\train\1051.jpg,1,0,0,0,0
1051,C:\Users\nidhimh\Documents\Occlusion\train\1052.jpg,1,0,0,0,0
1052,C:\Users\nidhimh\Documents\Occlusion\train\1053.jpg,1,0,0,0,0
1054,C:\Users\nidhimh\Documents\Occlusion\train\1055.jpg,1,0,0,0,0
1055,C:\Users\nidhimh\Documents\Occlusion\train\1056.jpg,1,0,0,0,0
1056,C:\Users\nidhimh\Documents\Occlusion\train\1057.jpg,1,0,0,0,0
1057,C:\Users\nidhimh\Documents\Occlusion\train\1058.jpg,1,0,0,0,0
1063,C:\Users\nidhimh\Documents\Occlusion\train\1064.jpg,1,0,0,0,0
1064,C:\Users\nidhimh\Documents\Occlusion\train\1065.jpg,1,0,0,0,0
1066,C:\Users\nidhimh\Documents\Occlusion\train\1067.jpg,1,0,0,0,0
1067,C:\Users\nidhimh\Documents\Occlusion\train\1068.jpg,1,0,0,0,0
1068,C:\Users\nidhimh\Documents\Occlusion\train\1069.jpg,1,0,0,0,0
1070,C:\Users\nidhimh\Documents\Occlusion\train\1071.jpg,1,0,0,0,0
1071,C:\Users\nidhimh\Documents\Occlusion\train\1072.jpg,1,0,0,0,0
1072,C:\Users\nidhimh\Documents\Occlusion\train\1073.jpg,1,0,0,0,0
1073,C:\Users\nidhimh\Documents\Occlusion\train\1074.jpg,1,0,0,0,0
1075,C:\Users\nidhimh\Documents\Occlusion\train\1076.jpg,1,0,0,0,0
1077,C:\Users\nidhimh\Documents\Occlusion\train\1078.jpg,1,0,0,0,0
1078,C:\Users\nidhimh\Documents\Occlusion\train\1079.jpg,1,0,0,0,0
1081,C:\Users\nidhimh\Documents\Occlusion\train\1082.jpg,1,0,0,0,0
1082,C:\Users\nidhimh\Documents\Occlusion\train\1083.jpg,1,0,0,0,0
1083,C:\Users\nidhimh\Documents\Occlusion\train\1084.jpg,1,0,0,0,0
1084,C:\Users\nidhimh\Documents\Occlusion\train\1085.jpg,1,0,0,0,0
1085,C:\Users\nidhimh\Documents\Occlusion\train\1086.jpg,1,0,0,0,0
1087,C:\Users\nidhimh\Documents\Occlusion\train\1088.jpg,1,0,0,0,0
1088,C:\Users\nidhimh\Documents\Occlusion\train\1089.jpg,1,0,0,0,0
1089,C:\Users\nidhimh\Documents\Occlusion\train\1090.jpg,1,0,0,0,0
1092,C:\Users\nidhimh\Documents\Occlusion\train\1093.jpg,1,0,0,0,0
1094,C:\Users\nidhimh\Documents\Occlusion\train\1095.jpg,1,0,0,0,0
1095,C:\Users\nidhimh\Documents\Occlusion\train\1096.jpg,1,0,0,0,0
1096,C:\Users\nidhimh\Documents\Occlusion\train\1097.jpg,1,0,0,0,0
1097,C:\Users\nidhimh\Documents\Occlusion\train\1098.jpg,1,0,0,0,0
1098,C:\Users\nidhimh\Documents\Occlusion\train\1099.jpg,1,0,0,0,0
1099,C:\Users\nidhimh\Documents\Occlusion\train\1100.jpg,1,0,0,0,0
1100,C:\Users\nidhimh\Documents\Occlusion\train\1101.jpg,1,0,0,0,0
1101,C:\Users\nidhimh\Documents\Occlusion\train\1102.jpg,1,0,0,0,0
1103,C:\Users\nidhimh\Documents\Occlusion\train\1104.jpg,1,0,0,0,0
1105,C:\Users\nidhimh\Documents\Occlusion\train\1106.jpg,1,0,0,0,0
1106,C:\Users\nidhimh\Documents\Occlusion\train\1107.jpg,1,0,0,0,0
1107,C:\Users\nidhimh\Documents\Occlusion\train\1108.jpg,1,0,0,0,0
1108,C:\Users\nidhimh\Documents\Occlusion\train\1109.jpg,1,0,0,0,0
1109,C:\Users\nidhimh\Documents\Occlusion\train\1110.jpg,1,0,0,0,0
1110,C:\Users\nidhimh\Documents\Occlusion\train\1111.jpg,1,0,0,0,0
1111,C:\Users\nidhimh\Documents\Occlusion\train\1112.jpg,1,0,0,0,0
1112,C:\Users\nidhimh\Documents\Occlusion\train\1113.jpg,1,0,0,0,0
1113,C:\Users\nidhimh\Documents\Occlusion\train\1114.jpg,1,0,0,0,0
1114,C:\Users\nidhimh\Documents\Occlusion\train\1115.jpg,1,0,0,0,0
1115,C:\Users\nidhimh\Documents\Occlusion\train\1116.jpg,1,0,0,0,0
1116,C:\Users\nidhimh\Documents\Occlusion\train\1117.jpg,1,0,0,0,0
1117,C:\Users\nidhimh\Documents\Occlusion\train\1118.jpg,1,0,0,0,0
1119,C:\Users\nidhimh\Documents\Occlusion\train\1120.jpg,1,0,0,0,0
1123,C:\Users\nidhimh\Documents\Occlusion\train\1124.jpg,1,0,0,0,0
1124,C:\Users\nidhimh\Documents\Occlusion\train\1125.jpg,1,0,0,0,0
1125,C:\Users\nidhimh\Documents\Occlusion\train\1126.jpg,1,0,0,0,0
1126,C:\Users\nidhimh\Documents\Occlusion\train\1127.jpg,1,0,0,0,0
1127,C:\Users\nidhimh\Documents\Occlusion\train\1128.jpg,1,0,0,0,0
1129,C:\Users\nidhimh\Documents\Occlusion\train\1130.jpg,1,0,0,0,0
1130,C:\Users\nidhimh\Documents\Occlusion\train\1131.jpg,1,0,0,0,0
1131,C:\Users\nidhimh\Documents\Occlusion\train\1132.jpg,1,0,0,0,0
1132,C:\Users\nidhimh\Documents\Occlusion\train\1133.jpg,1,0,0,0,0
1134,C:\Users\nidhimh\Documents\Occlusion\train\1135.jpg,1,0,0,0,0
1135,C:\Users\nidhimh\Documents\Occlusion\train\1136.jpg,1,0,0,0,0
1137,C:\Users\nidhimh\Documents\Occlusion\train\1138.jpg,1,0,0,0,0
1140,C:\Users\nidhimh\Documents\Occlusion\train\1141.jpg,1,0,0,0,0
1141,C:\Users\nidhimh\Documents\Occlusion\train\1142.jpg,1,0,0,0,0
1143,C:\Users\nidhimh\Documents\Occlusion\train\1144.jpg,1,0,0,0,0
1145,C:\Users\nidhimh\Documents\Occlusion\train\1146.jpg,1,0,0,0,0
1146,C:\Users\nidhimh\Documents\Occlusion\train\1147.jpg,1,0,0,0,0
1147,C:\Users\nidhimh\Documents\Occlusion\train\1148.jpg,1,0,0,0,0
1149,C:\Users\nidhimh\Documents\Occlusion\train\1150.jpg,1,0,0,0,0
1150,C:\Users\nidhimh\Documents\Occlusion\train\1151.jpg,1,0,0,0,0
1151,C:\Users\nidhimh\Documents\Occlusion\train\1152.jpg,1,0,0,0,0
1152,C:\Users\nidhimh\Documents\Occlusion\train\1153.jpg,1,0,0,0,0
1153,C:\Users\nidhimh\Documents\Occlusion\train\1154.jpg,1,0,0,0,0
1157,C:\Users\nidhimh\Documents\Occlusion\train\1158.jpg,1,0,0,0,0
1159,C:\Users\nidhimh\Documents\Occlusion\train\1160.jpg,1,0,0,0,0
1160,C:\Users\nidhimh\Documents\Occlusion\train\1161.jpg,1,0,0,0,0
1164,C:\Users\nidhimh\Documents\Occlusion\train\1165.jpg,1,0,0,0,0
1165,C:\Users\nidhimh\Documents\Occlusion\train\1166.jpg,1,0,0,0,0
1167,C:\Users\nidhimh\Documents\Occlusion\train\1168.jpg,1,0,0,0,0
1168,C:\Users\nidhimh\Documents\Occlusion\train\1169.jpg,1,0,0,0,0
1172,C:\Users\nidhimh\Documents\Occlusion\train\1173.jpg,1,0,0,0,0
1174,C:\Users\nidhimh\Documents\Occlusion\train\1175.jpg,1,0,0,0,0
1175,C:\Users\nidhimh\Documents\Occlusion\train\1176.jpg,1,0,0,0,0
1177,C:\Users\nidhimh\Documents\Occlusion\train\1178.jpg,1,0,0,0,0
1178,C:\Users\nidhimh\Documents\Occlusion\train\1179.jpg,1,0,0,0,0
1179,C:\Users\nidhimh\Documents\Occlusion\train\1180.jpg,1,0,0,0,0
1181,C:\Users\nidhimh\Documents\Occlusion\train\1182.jpg,1,0,0,0,0
1183,C:\Users\nidhimh\Documents\Occlusion\train\1184.jpg,1,0,0,0,0
1184,C:\Users\nidhimh\Documents\Occlusion\train\1185.jpg,1,0,0,0,0
1185,C:\Users\nidhimh\Documents\Occlusion\train\1186.jpg,1,0,0,0,0
1190,C:\Users\nidhimh\Documents\Occlusion\train\1191.jpg,1,0,0,0,0
1192,C:\Users\nidhimh\Documents\Occlusion\train\1193.jpg,1,0,0,0,0
1193,C:\Users\nidhimh\Documents\Occlusion\train\1194.jpg,1,0,0,0,0
1194,C:\Users\nidhimh\Documents\Occlusion\train\1195.jpg,1,0,0,0,0
1195,C:\Users\nidhimh\Documents\Occlusion\train\1196.jpg,1,0,0,0,0
1196,C:\Users\nidhimh\Documents\Occlusion\train\1197.jpg,1,0,0,0,0
1199,C:\Users\nidhimh\Documents\Occlusion\train\1200.jpg,1,0,0,0,0
1200,C:\Users\nidhimh\Documents\Occlusion\train\1201.jpg,1,0,0,0,0
1201,C:\Users\nidhimh\Documents\Occlusion\train\1202.jpg,1,0,0,0,0
1202,C:\Users\nidhimh\Documents\Occlusion\train\1203.jpg,1,0,0,0,0
1205,C:\Users\nidhimh\Documents\Occlusion\train\1206.jpg,1,0,0,0,0
1206,C:\Users\nidhimh\Documents\Occlusion\train\1207.jpg,1,0,0,0,0
1209,C:\Users\nidhimh\Documents\Occlusion\train\1210.jpg,1,0,0,0,0
1213,C:\Users\nidhimh\Documents\Occlusion\train\1214.jpg,1,0,0,0,0
1215,C:\Users\nidhimh\Documents\Occlusion\train\1216.jpg,1,0,0,0,0
1218,C:\Users\nidhimh\Documents\Occlusion\train\1219.jpg,1,0,0,0,0
1221,C:\Users\nidhimh\Documents\Occlusion\train\1222.jpg,1,0,0,0,0
1222,C:\Users\nidhimh\Documents\Occlusion\train\1223.jpg,1,0,0,0,0
1225,C:\Users\nidhimh\Documents\Occlusion\train\1226.jpg,1,0,0,0,0
1227,C:\Users\nidhimh\Documents\Occlusion\train\1228.jpg,1,0,0,0,0
1228,C:\Users\nidhimh\Documents\Occlusion\train\1229.jpg,1,0,0,0,0
1229,C:\Users\nidhimh\Documents\Occlusion\train\1230.jpg,1,0,0,0,0
1230,C:\Users\nidhimh\Documents\Occlusion\train\1231.jpg,1,0,0,0,0
1232,C:\Users\nidhimh\Documents\Occlusion\train\1233.jpg,1,0,0,0,0
1233,C:\Users\nidhimh\Documents\Occlusion\train\1234.jpg,1,0,0,0,0
1234,C:\Users\nidhimh\Documents\Occlusion\train\1235.jpg,1,0,0,0,0
1235,C:\Users\nidhimh\Documents\Occlusion\train\1236.jpg,1,0,0,0,0
1236,C:\Users\nidhimh\Documents\Occlusion\train\1237.jpg,1,0,0,0,0
1237,C:\Users\nidhimh\Documents\Occlusion\train\1238.jpg,1,0,0,0,0
1238,C:\Users\nidhimh\Documents\Occlusion\train\1239.jpg,1,0,0,0,0
1242,C:\Users\nidhimh\Documents\Occlusion\train\1243.jpg,1,0,0,0,0
1245,C:\Users\nidhimh\Documents\Occlusion\train\1246.jpg,1,0,0,0,0
1249,C:\Users\nidhimh\Documents\Occlusion\train\1250.jpg,1,0,0,0,0
1250,C:\Users\nidhimh\Documents\Occlusion\train\1251.jpg,1,0,0,0,0
1251,C:\Users\nidhimh\Documents\Occlusion\train\1252.jpg,1,0,0,0,0
1252,C:\Users\nidhimh\Documents\Occlusion\train\1253.jpg,1,0,0,0,0
1253,C:\Users\nidhimh\Documents\Occlusion\train\1254.jpg,1,0,0,0,0
1254,C:\Users\nidhimh\Documents\Occlusion\train\1255.jpg,1,0,0,0,0
1255,C:\Users\nidhimh\Documents\Occlusion\train\1256.jpg,1,0,0,0,0
1256,C:\Users\nidhimh\Documents\Occlusion\train\1257.jpg,1,0,0,0,0
1261,C:\Users\nidhimh\Documents\Occlusion\train\1262.jpg,1,0,0,0,0
1262,C:\Users\nidhimh\Documents\Occlusion\train\1263.jpg,1,0,0,0,0
1264,C:\Users\nidhimh\Documents\Occlusion\train\1265.jpg,1,0,0,0,0
1267,C:\Users\nidhimh\Documents\Occlusion\train\1268.jpg,1,0,0,0,0
1268,C:\Users\nidhimh\Documents\Occlusion\train\1269.jpg,1,0,0,0,0
1274,C:\Users\nidhimh\Documents\Occlusion\train\1275.jpg,1,0,0,0,0
1276,C:\Users\nidhimh\Documents\Occlusion\train\1277.jpg,1,0,0,0,0
1277,C:\Users\nidhimh\Documents\Occlusion\train\1278.jpg,1,0,0,0,0
1278,C:\Users\nidhimh\Documents\Occlusion\train\1279.jpg,1,0,0,0,0
1279,C:\Users\nidhimh\Documents\Occlusion\train\1280.jpg,1,0,0,0,0
1280,C:\Users\nidhimh\Documents\Occlusion\train\1281.jpg,1,0,0,0,0
1281,C:\Users\nidhimh\Documents\Occlusion\train\1282.jpg,1,0,0,0,0
1284,C:\Users\nidhimh\Documents\Occlusion\train\1285.jpg,1,0,0,0,0
1286,C:\Users\nidhimh\Documents\Occlusion\train\1287.jpg,1,0,0,0,0
1287,C:\Users\nidhimh\Documents\Occlusion\train\1288.jpg,1,0,0,0,0
1288,C:\Users\nidhimh\Documents\Occlusion\train\1289.jpg,1,0,0,0,0
1289,C:\Users\nidhimh\Documents\Occlusion\train\1290.jpg,1,0,0,0,0
1290,C:\Users\nidhimh\Documents\Occlusion\train\1291.jpg,1,0,0,0,0
1291,C:\Users\nidhimh\Documents\Occlusion\train\1292.jpg,1,0,0,0,0
1293,C:\Users\nidhimh\Documents\Occlusion\train\1294.jpg,1,0,0,0,0
1294,C:\Users\nidhimh\Documents\Occlusion\train\1295.jpg,1,0,0,0,0
1295,C:\Users\nidhimh\Documents\Occlusion\train\1296.jpg,1,0,0,0,0
1296,C:\Users\nidhimh\Documents\Occlusion\train\1297.jpg,1,0,0,0,0
1297,C:\Users\nidhimh\Documents\Occlusion\train\1298.jpg,1,0,0,0,0
1300,C:\Users\nidhimh\Documents\Occlusion\train\1301.jpg,1,0,0,0,0
1301,C:\Users\nidhimh\Documents\Occlusion\train\1302.jpg,1,0,0,0,0
1303,C:\Users\nidhimh\Documents\Occlusion\train\1304.jpg,1,0,0,0,0
1307,C:\Users\nidhimh\Documents\Occlusion\train\1308.jpg,1,0,0,0,0
1310,C:\Users\nidhimh\Documents\Occlusion\train\1311.jpg,1,0,0,0,0
1311,C:\Users\nidhimh\Documents\Occlusion\train\1312.jpg,1,0,0,0,0
1312,C:\Users\nidhimh\Documents\Occlusion\train\1313.jpg,1,0,0,0,0
1314,C:\Users\nidhimh\Documents\Occlusion\train\1315.jpg,1,0,0,0,0
1315,C:\Users\nidhimh\Documents\Occlusion\train\1316.jpg,1,0,0,0,0
1316,C:\Users\nidhimh\Documents\Occlusion\train\1317.jpg,1,0,0,0,0
1317,C:\Users\nidhimh\Documents\Occlusion\train\1318.jpg,1,0,0,0,0
1318,C:\Users\nidhimh\Documents\Occlusion\train\1319.jpg,1,0,0,0,0
1321,C:\Users\nidhimh\Documents\Occlusion\train\1322.jpg,1,0,0,0,0
1323,C:\Users\nidhimh\Documents\Occlusion\train\1324.jpg,1,0,0,0,0
1324,C:\Users\nidhimh\Documents\Occlusion\train\1325.jpg,1,0,0,0,0
1325,C:\Users\nidhimh\Documents\Occlusion\train\1326.jpg,1,0,0,0,0
1326,C:\Users\nidhimh\Documents\Occlusion\train\1327.jpg,1,0,0,0,0
1328,C:\Users\nidhimh\Documents\Occlusion\train\1329.jpg,1,0,0,0,0
1329,C:\Users\nidhimh\Documents\Occlusion\train\1330.jpg,1,0,0,0,0
1331,C:\Users\nidhimh\Documents\Occlusion\train\1332.jpg,1,0,0,0,0
1332,C:\Users\nidhimh\Documents\Occlusion\train\1333.jpg,1,0,0,0,0
1333,C:\Users\nidhimh\Documents\Occlusion\train\1334.jpg,1,0,0,0,0
1336,C:\Users\nidhimh\Documents\Occlusion\train\1337.jpg,1,0,0,0,0
1339,C:\Users\nidhimh\Documents\Occlusion\train\1340.jpg,1,0,0,0,0
1341,C:\Users\nidhimh\Documents\Occlusion\train\1342.jpg,1,0,0,0,0
1344,C:\Users\nidhimh\Documents\Occlusion\train\1345.jpg,1,0,0,0,0
1345,C:\Users\nidhimh\Documents\Occlusion\val\1.jpg,1,0,0,0,0
1350,C:\Users\nidhimh\Documents\Occlusion\val\6.jpg,1,0,0,0,0
1356,C:\Users\nidhimh\Documents\Occlusion\val\12.jpg,1,0,0,0,0
1357,C:\Users\nidhimh\Documents\Occlusion\val\13.jpg,1,0,0,0,0
1358,C:\Users\nidhimh\Documents\Occlusion\val\14.jpg,1,0,0,0,0
1361,C:\Users\nidhimh\Documents\Occlusion\val\17.jpg,1,0,0,0,0
1365,C:\Users\nidhimh\Documents\Occlusion\val\21.jpg,1,0,0,0,0
1366,C:\Users\nidhimh\Documents\Occlusion\val\22.jpg,1,0,0,0,0
1367,C:\Users\nidhimh\Documents\Occlusion\val\23.jpg,1,0,0,0,0
1368,C:\Users\nidhimh\Documents\Occlusion\val\24.jpg,1,0,0,0,0
1371,C:\Users\nidhimh\Documents\Occlusion\val\27.jpg,1,0,0,0,0
1372,C:\Users\nidhimh\Documents\Occlusion\val\28.jpg,1,0,0,0,0
1373,C:\Users\nidhimh\Documents\Occlusion\val\29.jpg,1,0,0,0,0
1374,C:\Users\nidhimh\Documents\Occlusion\val\30.jpg,1,0,0,0,0
1375,C:\Users\nidhimh\Documents\Occlusion\val\31.jpg,1,0,0,0,0
1377,C:\Users\nidhimh\Documents\Occlusion\val\33.jpg,1,0,0,0,0
1379,C:\Users\nidhimh\Documents\Occlusion\val\35.jpg,1,0,0,0,0
1385,C:\Users\nidhimh\Documents\Occlusion\val\41.jpg,1,0,0,0,0
1387,C:\Users\nidhimh\Documents\Occlusion\val\43.jpg,1,0,0,0,0
1389,C:\Users\nidhimh\Documents\Occlusion\val\45.jpg,1,0,0,0,0
1390,C:\Users\nidhimh\Documents\Occlusion\val\46.jpg,1,0,0,0,0
1392,C:\Users\nidhimh\Documents\Occlusion\val\48.jpg,1,0,0,0,0
1395,C:\Users\nidhimh\Documents\Occlusion\val\51.jpg,1,0,0,0,0
1396,C:\Users\nidhimh\Documents\Occlusion\val\52.jpg,1,0,0,0,0
1397,C:\Users\nidhimh\Documents\Occlusion\val\53.jpg,1,0,0,0,0
1398,C:\Users\nidhimh\Documents\Occlusion\val\54.jpg,1,0,0,0,0
1399,C:\Users\nidhimh\Documents\Occlusion\val\55.jpg,1,0,0,0,0
1402,C:\Users\nidhimh\Documents\Occlusion\val\58.jpg,1,0,0,0,0
1407,C:\Users\nidhimh\Documents\Occlusion\val\63.jpg,1,0,0,0,0
1408,C:\Users\nidhimh\Documents\Occlusion\val\64.jpg,1,0,0,0,0
1409,C:\Users\nidhimh\Documents\Occlusion\val\65.jpg,1,0,0,0,0
1412,C:\Users\nidhimh\Documents\Occlusion\val\68.jpg,1,0,0,0,0
1413,C:\Users\nidhimh\Documents\Occlusion\val\69.jpg,1,0,0,0,0
1414,C:\Users\nidhimh\Documents\Occlusion\val\70.jpg,1,0,0,0,0
1415,C:\Users\nidhimh\Documents\Occlusion\val\71.jpg,1,0,0,0,0
1417,C:\Users\nidhimh\Documents\Occlusion\val\73.jpg,1,0,0,0,0
1418,C:\Users\nidhimh\Documents\Occlusion\val\74.jpg,1,0,0,0,0
1419,C:\Users\nidhimh\Documents\Occlusion\val\75.jpg,1,0,0,0,0
1420,C:\Users\nidhimh\Documents\Occlusion\val\76.jpg,1,0,0,0,0
1421,C:\Users\nidhimh\Documents\Occlusion\val\77.jpg,1,0,0,0,0
1422,C:\Users\nidhimh\Documents\Occlusion\val\78.jpg,1,0,0,0,0
1423,C:\Users\nidhimh\Documents\Occlusion\val\79.jpg,1,0,0,0,0
1424,C:\Users\nidhimh\Documents\Occlusion\val\80.jpg,1,0,0,0,0
1425,C:\Users\nidhimh\Documents\Occlusion\val\81.jpg,1,0,0,0,0
1426,C:\Users\nidhimh\Documents\Occlusion\val\82.jpg,1,0,0,0,0
1429,C:\Users\nidhimh\Documents\Occlusion\val\85.jpg,1,0,0,0,0
1430,C:\Users\nidhimh\Documents\Occlusion\val\86.jpg,1,0,0,0,0
1431,C:\Users\nidhimh\Documents\Occlusion\val\87.jpg,1,0,0,0,0
1432,C:\Users\nidhimh\Documents\Occlusion\val\88.jpg,1,0,0,0,0
1433,C:\Users\nidhimh\Documents\Occlusion\val\89.jpg,1,0,0,0,0
1436,C:\Users\nidhimh\Documents\Occlusion\val\92.jpg,1,0,0,0,0
1439,C:\Users\nidhimh\Documents\Occlusion\val\95.jpg,1,0,0,0,0
1441,C:\Users\nidhimh\Documents\Occlusion\val\97.jpg,1,0,0,0,0
1442,C:\Users\nidhimh\Documents\Occlusion\val\98.jpg,1,0,0,0,0
1443,C:\Users\nidhimh\Documents\Occlusion\val\99.jpg,1,0,0,0,0
1447,C:\Users\nidhimh\Documents\Occlusion\val\103.jpg,1,0,0,0,0
1449,C:\Users\nidhimh\Documents\Occlusion\val\105.jpg,1,0,0,0,0
1450,C:\Users\nidhimh\Documents\Occlusion\val\106.jpg,1,0,0,0,0
1451,C:\Users\nidhimh\Documents\Occlusion\val\107.jpg,1,0,0,0,0
1453,C:\Users\nidhimh\Documents\Occlusion\val\109.jpg,1,0,0,0,0
1458,C:\Users\nidhimh\Documents\Occlusion\val\114.jpg,1,0,0,0,0
1462,C:\Users\nidhimh\Documents\Occlusion\val\118.jpg,1,0,0,0,0
1468,C:\Users\nidhimh\Documents\Occlusion\val\124.jpg,1,0,0,0,0
1469,C:\Users\nidhimh\Documents\Occlusion\val\125.jpg,1,0,0,0,0
1472,C:\Users\nidhimh\Documents\Occlusion\val\128.jpg,1,0,0,0,0
1473,C:\Users\nidhimh\Documents\Occlusion\val\129.jpg,1,0,0,0,0
1474,C:\Users\nidhimh\Documents\Occlusion\val\130.jpg,1,0,0,0,0
1478,C:\Users\nidhimh\Documents\Occlusion\val\134.jpg,1,0,0,0,0
1479,C:\Users\nidhimh\Documents\Occlusion\val\135.jpg,1,0,0,0,0
1481,C:\Users\nidhimh\Documents\Occlusion\val\137.jpg,1,0,0,0,0
1483,C:\Users\nidhimh\Documents\Occlusion\val\139.jpg,1,0,0,0,0
1485,C:\Users\nidhimh\Documents\Occlusion\val\141.jpg,1,0,0,0,0
1486,C:\Users\nidhimh\Documents\Occlusion\val\142.jpg,1,0,0,0,0
1489,C:\Users\nidhimh\Documents\Occlusion\val\145.jpg,1,0,0,0,0
1490,C:\Users\nidhimh\Documents\Occlusion\val\146.jpg,1,0,0,0,0
1491,C:\Users\nidhimh\Documents\Occlusion\val\147.jpg,1,0,0,0,0
1493,C:\Users\nidhimh\Documents\Occlusion\val\149.jpg,1,0,0,0,0
1496,C:\Users\nidhimh\Documents\Occlusion\val\152.jpg,1,0,0,0,0
1497,C:\Users\nidhimh\Documents\Occlusion\val\153.jpg,1,0,0,0,0
1499,C:\Users\nidhimh\Documents\Occlusion\val\155.jpg,1,0,0,0,0
1500,C:\Users\nidhimh\Documents\Occlusion\val\156.jpg,1,0,0,0,0
1506,C:\Users\nidhimh\Documents\Occlusion\val\162.jpg,1,0,0,0,0
1508,C:\Users\nidhimh\Documents\Occlusion\val\164.jpg,1,0,0,0,0
1509,C:\Users\nidhimh\Documents\Occlusion\val\165.jpg,1,0,0,0,0
1512,C:\Users\nidhimh\Documents\Occlusion\val\168.jpg,1,0,0,0,0
1513,C:\Users\nidhimh\Documents\Occlusion\val\169.jpg,1,0,0,0,0
1514,C:\Users\nidhimh\Documents\Occlusion\val\170.jpg,1,0,0,0,0
1515,C:\Users\nidhimh\Documents\Occlusion\val\171.jpg,1,0,0,0,0
1519,C:\Users\nidhimh\Documents\Occlusion\val\175.jpg,1,0,0,0,0
1521,C:\Users\nidhimh\Documents\Occlusion\val\177.jpg,1,0,0,0,0
1527,C:\Users\nidhimh\Documents\Occlusion\val\183.jpg,1,0,0,0,0
1529,C:\Users\nidhimh\Documents\Occlusion\val\185.jpg,1,0,0,0,0
1530,C:\Users\nidhimh\Documents\Occlusion\val\186.jpg,1,0,0,0,0
1531,C:\Users\nidhimh\Documents\Occlusion\val\187.jpg,1,0,0,0,0
1533,C:\Users\nidhimh\Documents\Occlusion\val\189.jpg,1,0,0,0,0
1534,C:\Users\nidhimh\Documents\Occlusion\val\190.jpg,1,0,0,0,0
1536,C:\Users\nidhimh\Documents\Occlusion\val\192.jpg,1,0,0,0,0
1537,C:\Users\nidhimh\Documents\Occlusion\val\193.jpg,1,0,0,0,0
1539,C:\Users\nidhimh\Documents\Occlusion\val\195.jpg,1,0,0,0,0
1541,C:\Users\nidhimh\Documents\Occlusion\val\197.jpg,1,0,0,0,0
1545,C:\Users\nidhimh\Documents\Occlusion\val\201.jpg,1,0,0,0,0
1550,C:\Users\nidhimh\Documents\Occlusion\val\206.jpg,1,0,0,0,0
1551,C:\Users\nidhimh\Documents\Occlusion\val\207.jpg,1,0,0,0,0
1552,C:\Users\nidhimh\Documents\Occlusion\val\208.jpg,1,0,0,0,0
1554,C:\Users\nidhimh\Documents\Occlusion\val\210.jpg,1,0,0,0,0
1556,C:\Users\nidhimh\Documents\Occlusion\val\212.jpg,1,0,0,0,0
1561,C:\Users\nidhimh\Documents\Occlusion\val\217.jpg,1,0,0,0,0
1562,C:\Users\nidhimh\Documents\Occlusion\val\218.jpg,1,0,0,0,0
1566,C:\Users\nidhimh\Documents\Occlusion\val\222.jpg,1,0,0,0,0
1568,C:\Users\nidhimh\Documents\Occlusion\val\224.jpg,1,0,0,0,0
1569,C:\Users\nidhimh\Documents\Occlusion\val\225.jpg,1,0,0,0,0
1571,C:\Users\nidhimh\Documents\Occlusion\val\227.jpg,1,0,0,0,0
1573,C:\Users\nidhimh\Documents\Occlusion\val\229.jpg,1,0,0,0,0
1576,C:\Users\nidhimh\Documents\Occlusion\val\232.jpg,1,0,0,0,0
1578,C:\Users\nidhimh\Documents\Occlusion\val\234.jpg,1,0,0,0,0
1581,C:\Users\nidhimh\Documents\Occlusion\val\237.jpg,1,0,0,0,0
1583,C:\Users\nidhimh\Documents\Occlusion\val\239.jpg,1,0,0,0,0
1586,C:\Users\nidhimh\Documents\Occlusion\val\242.jpg,1,0,0,0,0
1589,C:\Users\nidhimh\Documents\Occlusion\val\245.jpg,1,0,0,0,0
1591,C:\Users\nidhimh\Documents\Occlusion\val\247.jpg,1,0,0,0,0
1593,C:\Users\nidhimh\Documents\Occlusion\val\249.jpg,1,0,0,0,0
1596,C:\Users\nidhimh\Documents\Occlusion\val\252.jpg,1,0,0,0,0
1597,C:\Users\nidhimh\Documents\Occlusion\val\253.jpg,1,0,0,0,0
1599,C:\Users\nidhimh\Documents\Occlusion\val\255.jpg,1,0,0,0,0
1600,C:\Users\nidhimh\Documents\Occlusion\val\256.jpg,1,0,0,0,0
1601,C:\Users\nidhimh\Documents\Occlusion\val\257.jpg,1,0,0,0,0
1602,C:\Users\nidhimh\Documents\Occlusion\val\258.jpg,1,0,0,0,0
1604,C:\Users\nidhimh\Documents\Occlusion\val\260.jpg,1,0,0,0,0
1605,C:\Users\nidhimh\Documents\Occlusion\val\261.jpg,1,0,0,0,0
1609,C:\Users\nidhimh\Documents\Occlusion\val\265.jpg,1,0,0,0,0
1610,C:\Users\nidhimh\Documents\Occlusion\val\266.jpg,1,0,0,0,0
1611,C:\Users\nidhimh\Documents\Occlusion\val\267.jpg,1,0,0,0,0
1612,C:\Users\nidhimh\Documents\Occlusion\val\268.jpg,1,0,0,0,0
1613,C:\Users\nidhimh\Documents\Occlusion\val\269.jpg,1,0,0,0,0
1614,C:\Users\nidhimh\Documents\Occlusion\val\270.jpg,1,0,0,0,0
1616,C:\Users\nidhimh\Documents\Occlusion\val\272.jpg,1,0,0,0,0
1620,C:\Users\nidhimh\Documents\Occlusion\val\276.jpg,1,0,0,0,0
1621,C:\Users\nidhimh\Documents\Occlusion\val\277.jpg,1,0,0,0,0
1622,C:\Users\nidhimh\Documents\Occlusion\val\278.jpg,1,0,0,0,0
1623,C:\Users\nidhimh\Documents\Occlusion\val\279.jpg,1,0,0,0,0
1624,C:\Users\nidhimh\Documents\Occlusion\val\280.jpg,1,0,0,0,0
1627,C:\Users\nidhimh\Documents\Occlusion\val\283.jpg,1,0,0,0,0
1629,C:\Users\nidhimh\Documents\Occlusion\val\285.jpg,1,0,0,0,0
1630,C:\Users\nidhimh\Documents\Occlusion\val\286.jpg,1,0,0,0,0
1633,C:\Users\nidhimh\Documents\Occlusion\val\289.jpg,1,0,0,0,0
1636,C:\Users\nidhimh\Documents\Occlusion\val\292.jpg,1,0,0,0,0
1638,C:\Users\nidhimh\Documents\Occlusion\val\294.jpg,1,0,0,0,0
1639,C:\Users\nidhimh\Documents\Occlusion\val\295.jpg,1,0,0,0,0
1640,C:\Users\nidhimh\Documents\Occlusion\val\296.jpg,1,0,0,0,0
1641,C:\Users\nidhimh\Documents\Occlusion\val\297.jpg,1,0,0,0,0
1642,C:\Users\nidhimh\Documents\Occlusion\val\298.jpg,1,0,0,0,0
1643,C:\Users\nidhimh\Documents\Occlusion\val\299.jpg,1,0,0,0,0
1645,C:\Users\nidhimh\Documents\Occlusion\val\301.jpg,1,0,0,0,0
1646,C:\Users\nidhimh\Documents\Occlusion\val\302.jpg,1,0,0,0,0
1647,C:\Users\nidhimh\Documents\Occlusion\val\303.jpg,1,0,0,0,0
1649,C:\Users\nidhimh\Documents\Occlusion\val\305.jpg,1,0,0,0,0
1650,C:\Users\nidhimh\Documents\Occlusion\val\306.jpg,1,0,0,0,0
1651,C:\Users\nidhimh\Documents\Occlusion\val\307.jpg,1,0,0,0,0
1652,C:\Users\nidhimh\Documents\Occlusion\val\308.jpg,1,0,0,0,0
1655,C:\Users\nidhimh\Documents\Occlusion\val\311.jpg,1,0,0,0,0
1657,C:\Users\nidhimh\Documents\Occlusion\val\313.jpg,1,0,0,0,0
1658,C:\Users\nidhimh\Documents\Occlusion\val\314.jpg,1,0,0,0,0
1659,C:\Users\nidhimh\Documents\Occlusion\val\315.jpg,1,0,0,0,0
1661,C:\Users\nidhimh\Documents\Occlusion\val\317.jpg,1,0,0,0,0
1662,C:\Users\nidhimh\Documents\Occlusion\val\318.jpg,1,0,0,0,0
1665,C:\Users\nidhimh\Documents\Occlusion\val\321.jpg,1,0,0,0,0
1669,C:\Users\nidhimh\Documents\Occlusion\val\325.jpg,1,0,0,0,0
1670,C:\Users\nidhimh\Documents\Occlusion\val\326.jpg,1,0,0,0,0
1671,C:\Users\nidhimh\Documents\Occlusion\val\327.jpg,1,0,0,0,0
1672,C:\Users\nidhimh\Documents\Occlusion\val\328.jpg,1,0,0,0,0
1673,C:\Users\nidhimh\Documents\Occlusion\val\329.jpg,1,0,0,0,0
1674,C:\Users\nidhimh\Documents\Occlusion\val\330.jpg,1,0,0,0,0
1677,C:\Users\nidhimh\Documents\Occlusion\val\333.jpg,1,0,0,0,0
1678,C:\Users\nidhimh\Documents\Occlusion\val\334.jpg,1,0,0,0,0
1680,C:\Users\nidhimh\Documents\Occlusion\val\336.jpg,1,0,0,0,0
1681,C:\Users\nidhimh\Documents\Occlusion\val\337.jpg,1,0,0,0,0
1682,C:\Users\nidhimh\Documents\Occlusion\val\338.jpg,1,0,0,0,0
1688,C:\Users\nidhimh\Documents\Occlusion\val\344.jpg,1,0,0,0,0
1690,C:\Users\nidhimh\Documents\Occlusion\val\346.jpg,1,0,0,0,0
1691,C:\Users\nidhimh\Documents\Occlusion\val\347.jpg,1,0,0,0,0
1695,C:\Users\nidhimh\Documents\Occlusion\val\351.jpg,1,0,0,0,0
1697,C:\Users\nidhimh\Documents\Occlusion\val\353.jpg,1,0,0,0,0
1699,C:\Users\nidhimh\Documents\Occlusion\val\355.jpg,1,0,0,0,0
1700,C:\Users\nidhimh\Documents\Occlusion\val\356.jpg,1,0,0,0,0
1704,C:\Users\nidhimh\Documents\Occlusion\val\360.jpg,1,0,0,0,0
1706,C:\Users\nidhimh\Documents\Occlusion\val\362.jpg,1,0,0,0,0
1709,C:\Users\nidhimh\Documents\Occlusion\val\365.jpg,1,0,0,0,0
1711,C:\Users\nidhimh\Documents\Occlusion\val\367.jpg,1,0,0,0,0
1712,C:\Users\nidhimh\Documents\Occlusion\val\368.jpg,1,0,0,0,0
1713,C:\Users\nidhimh\Documents\Occlusion\val\369.jpg,1,0,0,0,0
1714,C:\Users\nidhimh\Documents\Occlusion\val\370.jpg,1,0,0,0,0
1715,C:\Users\nidhimh\Documents\Occlusion\val\371.jpg,1,0,0,0,0
1716,C:\Users\nidhimh\Documents\Occlusion\val\372.jpg,1,0,0,0,0
1721,C:\Users\nidhimh\Documents\Occlusion\val\377.jpg,1,0,0,0,0
1723,C:\Users\nidhimh\Documents\Occlusion\val\379.jpg,1,0,0,0,0
1726,C:\Users\nidhimh\Documents\Occlusion\val\382.jpg,1,0,0,0,0
1729,C:\Users\nidhimh\Documents\Occlusion\val\385.jpg,1,0,0,0,0
1734,C:\Users\nidhimh\Documents\Occlusion\val\390.jpg,1,0,0,0,0
1738,C:\Users\nidhimh\Documents\Occlusion\val\394.jpg,1,0,0,0,0
1739,C:\Users\nidhimh\Documents\Occlusion\val\395.jpg,1,0,0,0,0
1744,C:\Users\nidhimh\Documents\Occlusion\val\400.jpg,1,0,0,0,0
1747,C:\Users\nidhimh\Documents\Occlusion\val\403.jpg,1,0,0,0,0
1748,C:\Users\nidhimh\Documents\Occlusion\val\404.jpg,1,0,0,0,0
1749,C:\Users\nidhimh\Documents\Occlusion\val\405.jpg,1,0,0,0,0
1750,C:\Users\nidhimh\Documents\Occlusion\val\406.jpg,1,0,0,0,0
1751,C:\Users\nidhimh\Documents\Occlusion\val\407.jpg,1,0,0,0,0
1752,C:\Users\nidhimh\Documents\Occlusion\val\408.jpg,1,0,0,0,0
1754,C:\Users\nidhimh\Documents\Occlusion\val\410.jpg,1,0,0,0,0
1757,C:\Users\nidhimh\Documents\Occlusion\val\413.jpg,1,0,0,0,0
1758,C:\Users\nidhimh\Documents\Occlusion\val\414.jpg,1,0,0,0,0
1764,C:\Users\nidhimh\Documents\Occlusion\val\420.jpg,1,0,0,0,0
1765,C:\Users\nidhimh\Documents\Occlusion\val\421.jpg,1,0,0,0,0
1768,C:\Users\nidhimh\Documents\Occlusion\val\424.jpg,1,0,0,0,0
1771,C:\Users\nidhimh\Documents\Occlusion\val\427.jpg,1,0,0,0,0
1772,C:\Users\nidhimh\Documents\Occlusion\val\428.jpg,1,0,0,0,0
1774,C:\Users\nidhimh\Documents\Occlusion\val\430.jpg,1,0,0,0,0
1775,C:\Users\nidhimh\Documents\Occlusion\val\431.jpg,1,0,0,0,0
1776,C:\Users\nidhimh\Documents\Occlusion\val\432.jpg,1,0,0,0,0
1780,C:\Users\nidhimh\Documents\Occlusion\val\436.jpg,1,0,0,0,0
1782,C:\Users\nidhimh\Documents\Occlusion\val\438.jpg,1,0,0,0,0
1786,C:\Users\nidhimh\Documents\Occlusion\val\442.jpg,1,0,0,0,0
1787,C:\Users\nidhimh\Documents\Occlusion\val\443.jpg,1,0,0,0,0
1788,C:\Users\nidhimh\Documents\Occlusion\val\444.jpg,1,0,0,0,0
1792,C:\Users\nidhimh\Documents\Occlusion\val\448.jpg,1,0,0,0,0
1793,C:\Users\nidhimh\Documents\Occlusion\val\449.jpg,1,0,0,0,0
1797,C:\Users\nidhimh\Documents\Occlusion\val\453.jpg,1,0,0,0,0
1801,C:\Users\nidhimh\Documents\Occlusion\val\457.jpg,1,0,0,0,0
1802,C:\Users\nidhimh\Documents\Occlusion\val\458.jpg,1,0,0,0,0
1803,C:\Users\nidhimh\Documents\Occlusion\val\459.jpg,1,0,0,0,0
1805,C:\Users\nidhimh\Documents\Occlusion\val\461.jpg,1,0,0,0,0
1812,C:\Users\nidhimh\Documents\Occlusion\val\468.jpg,1,0,0,0,0
1813,C:\Users\nidhimh\Documents\Occlusion\val\469.jpg,1,0,0,0,0
1814,C:\Users\nidhimh\Documents\Occlusion\val\470.jpg,1,0,0,0,0
1816,C:\Users\nidhimh\Documents\Occlusion\val\472.jpg,1,0,0,0,0
1817,C:\Users\nidhimh\Documents\Occlusion\val\473.jpg,1,0,0,0,0
1818,C:\Users\nidhimh\Documents\Occlusion\val\474.jpg,1,0,0,0,0
1820,C:\Users\nidhimh\Documents\Occlusion\val\476.jpg,1,0,0,0,0
1821,C:\Users\nidhimh\Documents\Occlusion\val\477.jpg,1,0,0,0,0
1822,C:\Users\nidhimh\Documents\Occlusion\val\478.jpg,1,0,0,0,0
1826,C:\Users\nidhimh\Documents\Occlusion\val\482.jpg,1,0,0,0,0
1829,C:\Users\nidhimh\Documents\Occlusion\val\485.jpg,1,0,0,0,0
1830,C:\Users\nidhimh\Documents\Occlusion\val\486.jpg,1,0,0,0,0
1831,C:\Users\nidhimh\Documents\Occlusion\val\487.jpg,1,0,0,0,0
1832,C:\Users\nidhimh\Documents\Occlusion\val\488.jpg,1,0,0,0,0
1833,C:\Users\nidhimh\Documents\Occlusion\val\489.jpg,1,0,0,0,0
1836,C:\Users\nidhimh\Documents\Occlusion\val\492.jpg,1,0,0,0,0
1837,C:\Users\nidhimh\Documents\Occlusion\val\493.jpg,1,0,0,0,0
1838,C:\Users\nidhimh\Documents\Occlusion\val\494.jpg,1,0,0,0,0
1839,C:\Users\nidhimh\Documents\Occlusion\val\495.jpg,1,0,0,0,0
1840,C:\Users\nidhimh\Documents\Occlusion\val\496.jpg,1,0,0,0,0
1841,C:\Users\nidhimh\Documents\Occlusion\val\497.jpg,1,0,0,0,0
1844,C:\Users\nidhimh\Documents\Occlusion\val\500.jpg,1,0,0,0,0
1849,C:\Users\nidhimh\Documents\Occlusion\val\505.jpg,1,0,0,0,0
